SHOW TABLES;

ALTER TABLE profiles DROP CONSTRAINT fk_profiles_user_id;
ALTER TABLE messages DROP CONSTRAINT fk_messages_from_user_id;
ALTER TABLE messages DROP CONSTRAINT fk_messages_to_user_id;
ALTER TABLE friendship DROP CONSTRAINT fk_friendship_user_id;
ALTER TABLE friendship DROP CONSTRAINT fk_friendship_friend_id;
ALTER TABLE communities_users DROP CONSTRAINT fk_cu_user_id;
ALTER TABLE communities_users DROP CONSTRAINT fk_cu_community_id;
ALTER TABLE posts DROP CONSTRAINT fk_posts_user_id;
ALTER TABLE posts DROP CONSTRAINT fk_posts_community_id;
ALTER TABLE posts DROP CONSTRAINT fk_posts_visibility;
ALTER TABLE media_files DROP CONSTRAINT fk_mf_user_id;
ALTER TABLE media_files DROP CONSTRAINT fk_media_type;
ALTER TABLE likes DROP CONSTRAINT fk_likes_user_id;
ALTER TABLE likes DROP CONSTRAINT fk_likes_entity_name;
ALTER TABLE posts_media_files DROP CONSTRAINT fk_pm_post_id;
ALTER TABLE posts_media_files DROP CONSTRAINT fk_pm_media_file_id;
ALTER TABLE messages_media_files DROP CONSTRAINT fk_mm_message_id;
ALTER TABLE messages_media_files DROP CONSTRAINT fk_mm_media_file_id;


TRUNCATE TABLE communities;
TRUNCATE TABLE communities_users;
TRUNCATE TABLE entity_types;
TRUNCATE TABLE friendship;
TRUNCATE TABLE likes;
TRUNCATE TABLE media_files;
TRUNCATE TABLE media_types;
TRUNCATE TABLE messages;
TRUNCATE TABLE messages_media_files;
TRUNCATE TABLE posts;
TRUNCATE TABLE posts_media_files;
TRUNCATE TABLE profiles;
TRUNCATE TABLE users;
TRUNCATE TABLE visibility;


INSERT INTO `communities` (`id`, `name`, `created_at`, `updated_at`) VALUES (1, 'architecto', '1978-05-09 09:27:35', '2007-03-02 14:39:24');
INSERT INTO `communities` (`id`, `name`, `created_at`, `updated_at`) VALUES (2, 'vero', '1995-09-19 22:18:07', '1976-09-16 18:42:58');
INSERT INTO `communities` (`id`, `name`, `created_at`, `updated_at`) VALUES (3, 'possimus', '2005-02-25 22:35:14', '1998-03-08 08:21:39');
INSERT INTO `communities` (`id`, `name`, `created_at`, `updated_at`) VALUES (4, 'atque', '2005-09-03 02:51:37', '2015-11-10 05:07:24');
INSERT INTO `communities` (`id`, `name`, `created_at`, `updated_at`) VALUES (5, 'et', '1992-02-08 11:17:26', '2004-03-11 06:59:15');
INSERT INTO `communities` (`id`, `name`, `created_at`, `updated_at`) VALUES (6, 'cum', '2003-09-25 04:01:43', '1970-10-31 18:00:58');
INSERT INTO `communities` (`id`, `name`, `created_at`, `updated_at`) VALUES (7, 'sit', '1988-08-19 01:44:58', '2007-08-10 12:38:34');
INSERT INTO `communities` (`id`, `name`, `created_at`, `updated_at`) VALUES (8, 'magnam', '2018-08-20 20:50:12', '1972-03-03 04:41:46');
INSERT INTO `communities` (`id`, `name`, `created_at`, `updated_at`) VALUES (9, 'perspiciatis', '2015-01-07 19:59:49', '1970-07-12 04:17:40');
INSERT INTO `communities` (`id`, `name`, `created_at`, `updated_at`) VALUES (10, 'praesentium', '1996-12-19 02:27:21', '2015-03-06 23:34:52');
INSERT INTO `communities` (`id`, `name`, `created_at`, `updated_at`) VALUES (11, 'aliquid', '1988-09-25 11:14:59', '2015-11-18 06:01:59');
INSERT INTO `communities` (`id`, `name`, `created_at`, `updated_at`) VALUES (12, 'a', '1989-10-28 15:41:18', '2015-10-02 04:05:48');
INSERT INTO `communities` (`id`, `name`, `created_at`, `updated_at`) VALUES (13, 'nostrum', '1984-07-10 17:15:05', '2017-07-10 13:35:09');
INSERT INTO `communities` (`id`, `name`, `created_at`, `updated_at`) VALUES (14, 'labore', '2018-04-02 09:48:59', '1996-07-26 15:12:45');
INSERT INTO `communities` (`id`, `name`, `created_at`, `updated_at`) VALUES (15, 'deserunt', '1986-09-19 00:51:11', '1998-06-13 20:50:28');
INSERT INTO `communities` (`id`, `name`, `created_at`, `updated_at`) VALUES (16, 'cumque', '1975-03-10 08:14:03', '2003-08-24 01:42:21');
INSERT INTO `communities` (`id`, `name`, `created_at`, `updated_at`) VALUES (17, 'aut', '1994-10-11 07:55:56', '1983-10-08 06:42:33');
INSERT INTO `communities` (`id`, `name`, `created_at`, `updated_at`) VALUES (18, 'consequatur', '1999-07-03 08:58:33', '1992-05-14 08:29:53');
INSERT INTO `communities` (`id`, `name`, `created_at`, `updated_at`) VALUES (19, 'modi', '2002-08-13 19:25:15', '2012-05-30 08:43:20');
INSERT INTO `communities` (`id`, `name`, `created_at`, `updated_at`) VALUES (20, 'nam', '1997-10-25 06:52:48', '2008-09-19 17:44:19');
INSERT INTO `communities` (`id`, `name`, `created_at`, `updated_at`) VALUES (21, 'sequi', '1994-02-23 06:04:07', '1979-10-05 11:20:11');
INSERT INTO `communities` (`id`, `name`, `created_at`, `updated_at`) VALUES (22, 'voluptates', '2004-05-04 19:29:01', '2010-01-26 21:39:20');
INSERT INTO `communities` (`id`, `name`, `created_at`, `updated_at`) VALUES (23, 'non', '1975-10-15 12:21:20', '2005-09-05 13:43:59');
INSERT INTO `communities` (`id`, `name`, `created_at`, `updated_at`) VALUES (24, 'natus', '1997-02-12 10:12:42', '1981-10-26 05:20:45');
INSERT INTO `communities` (`id`, `name`, `created_at`, `updated_at`) VALUES (25, 'est', '1981-07-13 15:30:54', '1995-07-04 05:45:45');
INSERT INTO `communities` (`id`, `name`, `created_at`, `updated_at`) VALUES (26, 'adipisci', '2001-06-18 15:00:16', '2000-11-01 17:12:19');
INSERT INTO `communities` (`id`, `name`, `created_at`, `updated_at`) VALUES (27, 'accusamus', '1998-03-31 13:11:16', '2004-12-26 11:33:40');
INSERT INTO `communities` (`id`, `name`, `created_at`, `updated_at`) VALUES (28, 'asperiores', '1984-04-10 06:35:31', '1980-12-14 14:42:02');
INSERT INTO `communities` (`id`, `name`, `created_at`, `updated_at`) VALUES (29, 'molestiae', '1981-02-23 00:54:18', '1992-06-15 04:40:31');
INSERT INTO `communities` (`id`, `name`, `created_at`, `updated_at`) VALUES (30, 'dolorem', '1972-01-04 17:53:28', '2010-07-14 17:27:40');
INSERT INTO `communities` (`id`, `name`, `created_at`, `updated_at`) VALUES (31, 'ea', '1988-07-29 02:26:42', '2017-05-26 14:49:27');
INSERT INTO `communities` (`id`, `name`, `created_at`, `updated_at`) VALUES (32, 'similique', '2020-07-29 09:46:29', '1982-06-19 03:27:48');
INSERT INTO `communities` (`id`, `name`, `created_at`, `updated_at`) VALUES (33, 'voluptatem', '1987-01-29 19:13:05', '1982-12-09 20:46:09');
INSERT INTO `communities` (`id`, `name`, `created_at`, `updated_at`) VALUES (34, 'voluptatum', '1978-03-12 03:16:04', '2001-03-12 07:49:48');
INSERT INTO `communities` (`id`, `name`, `created_at`, `updated_at`) VALUES (35, 'quisquam', '1979-04-29 23:23:32', '2008-06-14 18:21:12');
INSERT INTO `communities` (`id`, `name`, `created_at`, `updated_at`) VALUES (36, 'dignissimos', '2008-10-11 09:13:37', '2011-04-16 21:53:07');
INSERT INTO `communities` (`id`, `name`, `created_at`, `updated_at`) VALUES (37, 'libero', '1994-09-20 16:04:16', '2008-08-31 19:58:35');
INSERT INTO `communities` (`id`, `name`, `created_at`, `updated_at`) VALUES (38, 'ut', '1997-04-01 22:17:32', '2004-12-27 22:12:36');
INSERT INTO `communities` (`id`, `name`, `created_at`, `updated_at`) VALUES (39, 'assumenda', '1975-10-21 23:43:05', '2015-08-03 10:47:52');
INSERT INTO `communities` (`id`, `name`, `created_at`, `updated_at`) VALUES (40, 'fuga', '2011-06-09 20:59:02', '2020-11-01 02:15:34');
INSERT INTO `communities` (`id`, `name`, `created_at`, `updated_at`) VALUES (41, 'eaque', '1973-09-05 16:14:44', '2017-03-23 09:58:34');
INSERT INTO `communities` (`id`, `name`, `created_at`, `updated_at`) VALUES (42, 'pariatur', '2004-10-26 12:21:26', '2015-05-16 02:47:11');
INSERT INTO `communities` (`id`, `name`, `created_at`, `updated_at`) VALUES (43, 'error', '1991-08-14 10:23:45', '2019-11-15 14:34:22');
INSERT INTO `communities` (`id`, `name`, `created_at`, `updated_at`) VALUES (44, 'temporibus', '2016-01-05 00:13:30', '1970-06-13 21:02:59');
INSERT INTO `communities` (`id`, `name`, `created_at`, `updated_at`) VALUES (45, 'enim', '2019-11-11 10:54:09', '2014-04-11 07:46:12');
INSERT INTO `communities` (`id`, `name`, `created_at`, `updated_at`) VALUES (46, 'qui', '1976-03-10 05:42:03', '1983-04-30 18:49:53');
INSERT INTO `communities` (`id`, `name`, `created_at`, `updated_at`) VALUES (47, 'corporis', '1989-02-22 06:08:00', '2003-11-02 16:23:22');
INSERT INTO `communities` (`id`, `name`, `created_at`, `updated_at`) VALUES (48, 'sunt', '2006-07-30 21:39:01', '1973-11-28 11:09:53');
INSERT INTO `communities` (`id`, `name`, `created_at`, `updated_at`) VALUES (49, 'aspernatur', '1987-03-01 09:02:06', '2016-06-30 06:31:40');
INSERT INTO `communities` (`id`, `name`, `created_at`, `updated_at`) VALUES (50, 'dolor', '2013-11-23 01:31:19', '2002-06-27 09:54:57');
INSERT INTO `communities` (`id`, `name`, `created_at`, `updated_at`) VALUES (51, 'molestias', '2017-08-15 13:35:00', '2002-03-20 06:34:26');
INSERT INTO `communities` (`id`, `name`, `created_at`, `updated_at`) VALUES (52, 'sed', '2008-02-25 17:10:19', '2010-09-22 19:59:45');
INSERT INTO `communities` (`id`, `name`, `created_at`, `updated_at`) VALUES (53, 'animi', '2000-12-12 21:28:01', '1997-04-14 19:30:59');
INSERT INTO `communities` (`id`, `name`, `created_at`, `updated_at`) VALUES (54, 'cupiditate', '1975-09-08 23:40:00', '1990-11-28 03:18:46');
INSERT INTO `communities` (`id`, `name`, `created_at`, `updated_at`) VALUES (55, 'perferendis', '1977-04-15 08:25:13', '2019-05-22 21:06:00');
INSERT INTO `communities` (`id`, `name`, `created_at`, `updated_at`) VALUES (56, 'in', '1996-07-06 04:54:39', '2010-04-30 21:00:36');
INSERT INTO `communities` (`id`, `name`, `created_at`, `updated_at`) VALUES (57, 'dolores', '2011-05-02 22:38:36', '2005-12-13 00:29:39');
INSERT INTO `communities` (`id`, `name`, `created_at`, `updated_at`) VALUES (58, 'impedit', '2013-02-17 07:14:57', '1982-07-27 01:49:05');
INSERT INTO `communities` (`id`, `name`, `created_at`, `updated_at`) VALUES (59, 'consectetur', '1999-01-30 05:24:30', '1990-04-13 10:40:54');
INSERT INTO `communities` (`id`, `name`, `created_at`, `updated_at`) VALUES (60, 'ducimus', '2001-04-20 00:16:31', '1975-06-16 16:16:28');
INSERT INTO `communities` (`id`, `name`, `created_at`, `updated_at`) VALUES (61, 'vitae', '2015-06-23 19:54:14', '1993-07-09 16:07:39');
INSERT INTO `communities` (`id`, `name`, `created_at`, `updated_at`) VALUES (62, 'quis', '1995-02-09 19:00:08', '1990-11-30 03:48:30');
INSERT INTO `communities` (`id`, `name`, `created_at`, `updated_at`) VALUES (63, 'dicta', '1993-12-30 08:51:15', '1974-07-22 15:50:51');
INSERT INTO `communities` (`id`, `name`, `created_at`, `updated_at`) VALUES (64, 'ex', '1999-07-01 11:03:22', '2010-07-05 19:45:05');
INSERT INTO `communities` (`id`, `name`, `created_at`, `updated_at`) VALUES (65, 'saepe', '1984-04-03 20:30:39', '1982-11-20 08:41:43');
INSERT INTO `communities` (`id`, `name`, `created_at`, `updated_at`) VALUES (66, 'porro', '2007-11-29 22:29:42', '1984-08-21 05:15:31');
INSERT INTO `communities` (`id`, `name`, `created_at`, `updated_at`) VALUES (67, 'magni', '2012-09-25 11:12:03', '1995-07-08 19:50:04');
INSERT INTO `communities` (`id`, `name`, `created_at`, `updated_at`) VALUES (68, 'esse', '1983-02-13 06:19:38', '1984-06-09 21:38:52');
INSERT INTO `communities` (`id`, `name`, `created_at`, `updated_at`) VALUES (69, 'voluptas', '1974-12-25 23:57:16', '2014-01-15 13:42:23');
INSERT INTO `communities` (`id`, `name`, `created_at`, `updated_at`) VALUES (70, 'distinctio', '1977-06-06 11:09:00', '1973-03-04 20:08:07');
INSERT INTO `communities` (`id`, `name`, `created_at`, `updated_at`) VALUES (71, 'quibusdam', '1994-02-05 20:22:58', '1978-11-29 13:37:58');
INSERT INTO `communities` (`id`, `name`, `created_at`, `updated_at`) VALUES (72, 'necessitatibus', '2021-05-01 18:52:59', '1994-05-23 18:20:49');
INSERT INTO `communities` (`id`, `name`, `created_at`, `updated_at`) VALUES (73, 'veritatis', '1986-04-19 12:59:55', '2012-07-14 04:04:28');
INSERT INTO `communities` (`id`, `name`, `created_at`, `updated_at`) VALUES (74, 'hic', '2012-07-05 17:07:08', '1999-10-20 19:30:00');
INSERT INTO `communities` (`id`, `name`, `created_at`, `updated_at`) VALUES (75, 'voluptatibus', '1999-11-16 08:38:17', '1990-07-09 11:50:26');
INSERT INTO `communities` (`id`, `name`, `created_at`, `updated_at`) VALUES (76, 'sapiente', '1980-10-12 04:12:32', '2009-02-20 23:00:34');
INSERT INTO `communities` (`id`, `name`, `created_at`, `updated_at`) VALUES (77, 'excepturi', '1995-12-11 12:49:43', '1991-12-14 17:19:10');
INSERT INTO `communities` (`id`, `name`, `created_at`, `updated_at`) VALUES (78, 'eveniet', '1997-12-14 21:34:08', '2018-09-27 14:51:40');
INSERT INTO `communities` (`id`, `name`, `created_at`, `updated_at`) VALUES (79, 'id', '1978-04-29 18:25:47', '1990-12-13 09:02:47');
INSERT INTO `communities` (`id`, `name`, `created_at`, `updated_at`) VALUES (80, 'maxime', '1982-02-15 05:16:08', '1973-01-08 15:47:55');
INSERT INTO `communities` (`id`, `name`, `created_at`, `updated_at`) VALUES (81, 'reiciendis', '1985-11-15 11:53:52', '1982-09-05 23:32:04');
INSERT INTO `communities` (`id`, `name`, `created_at`, `updated_at`) VALUES (82, 'quas', '1997-01-12 12:44:42', '1980-08-08 22:35:48');
INSERT INTO `communities` (`id`, `name`, `created_at`, `updated_at`) VALUES (83, 'ipsam', '2011-02-23 01:39:29', '1986-09-15 09:59:02');
INSERT INTO `communities` (`id`, `name`, `created_at`, `updated_at`) VALUES (84, 'ipsa', '2002-06-07 07:39:06', '1993-01-14 08:41:03');
INSERT INTO `communities` (`id`, `name`, `created_at`, `updated_at`) VALUES (85, 'totam', '2003-12-23 22:31:43', '2002-05-20 00:49:40');
INSERT INTO `communities` (`id`, `name`, `created_at`, `updated_at`) VALUES (86, 'delectus', '1977-08-29 13:05:43', '1971-08-20 12:13:48');
INSERT INTO `communities` (`id`, `name`, `created_at`, `updated_at`) VALUES (87, 'optio', '1981-06-24 02:05:33', '1991-09-03 17:36:27');
INSERT INTO `communities` (`id`, `name`, `created_at`, `updated_at`) VALUES (88, 'ab', '2001-11-26 12:10:05', '2019-12-02 02:20:30');
INSERT INTO `communities` (`id`, `name`, `created_at`, `updated_at`) VALUES (89, 'reprehenderit', '1978-05-24 06:34:31', '1998-09-14 12:04:13');
INSERT INTO `communities` (`id`, `name`, `created_at`, `updated_at`) VALUES (90, 'facilis', '1994-11-08 21:10:07', '2017-05-25 00:55:31');
INSERT INTO `communities` (`id`, `name`, `created_at`, `updated_at`) VALUES (91, 'accusantium', '1992-12-05 05:06:44', '1972-04-13 17:07:25');
INSERT INTO `communities` (`id`, `name`, `created_at`, `updated_at`) VALUES (92, 'omnis', '2001-01-13 22:40:28', '2009-08-07 20:28:49');
INSERT INTO `communities` (`id`, `name`, `created_at`, `updated_at`) VALUES (93, 'blanditiis', '2014-04-13 13:22:25', '2018-08-21 00:36:51');
INSERT INTO `communities` (`id`, `name`, `created_at`, `updated_at`) VALUES (94, 'quia', '1979-05-09 08:25:00', '2019-07-03 15:11:11');
INSERT INTO `communities` (`id`, `name`, `created_at`, `updated_at`) VALUES (95, 'ipsum', '1992-06-26 20:00:43', '1982-04-17 09:52:50');
INSERT INTO `communities` (`id`, `name`, `created_at`, `updated_at`) VALUES (96, 'nobis', '1972-02-08 22:30:35', '2020-10-04 06:34:43');
INSERT INTO `communities` (`id`, `name`, `created_at`, `updated_at`) VALUES (97, 'occaecati', '1998-12-07 17:19:52', '1994-03-15 02:40:48');
INSERT INTO `communities` (`id`, `name`, `created_at`, `updated_at`) VALUES (98, 'nemo', '1972-08-30 10:20:30', '2014-06-11 23:17:02');
INSERT INTO `communities` (`id`, `name`, `created_at`, `updated_at`) VALUES (99, 'iusto', '1981-02-16 17:14:49', '1987-11-20 07:40:20');
INSERT INTO `communities` (`id`, `name`, `created_at`, `updated_at`) VALUES (100, 'earum', '2007-08-05 11:17:24', '1994-10-14 12:43:47');


INSERT INTO `communities_users` (`community_id`, `user_id`, `created_at`, `updated_at`) VALUES (1, 1, '1989-03-19 23:28:06', '2012-12-23 03:19:26');
INSERT INTO `communities_users` (`community_id`, `user_id`, `created_at`, `updated_at`) VALUES (2, 2, '2015-04-25 13:55:07', '2016-11-15 01:10:51');
INSERT INTO `communities_users` (`community_id`, `user_id`, `created_at`, `updated_at`) VALUES (3, 3, '2008-05-08 22:22:47', '1997-03-27 03:37:02');
INSERT INTO `communities_users` (`community_id`, `user_id`, `created_at`, `updated_at`) VALUES (4, 4, '1975-01-07 16:28:36', '2004-12-22 21:01:10');
INSERT INTO `communities_users` (`community_id`, `user_id`, `created_at`, `updated_at`) VALUES (5, 5, '2006-07-13 10:17:30', '2020-05-22 17:20:25');
INSERT INTO `communities_users` (`community_id`, `user_id`, `created_at`, `updated_at`) VALUES (6, 6, '2006-11-05 06:35:35', '1995-07-02 16:46:26');
INSERT INTO `communities_users` (`community_id`, `user_id`, `created_at`, `updated_at`) VALUES (7, 7, '1980-11-14 05:11:15', '2007-07-25 00:26:47');
INSERT INTO `communities_users` (`community_id`, `user_id`, `created_at`, `updated_at`) VALUES (8, 8, '1972-07-18 00:09:18', '1978-07-15 10:18:11');
INSERT INTO `communities_users` (`community_id`, `user_id`, `created_at`, `updated_at`) VALUES (9, 9, '1985-10-20 14:26:52', '2012-12-23 05:04:39');
INSERT INTO `communities_users` (`community_id`, `user_id`, `created_at`, `updated_at`) VALUES (10, 10, '2008-11-29 08:00:40', '2007-10-08 12:37:02');
INSERT INTO `communities_users` (`community_id`, `user_id`, `created_at`, `updated_at`) VALUES (11, 11, '1989-03-09 14:13:23', '2011-07-06 23:12:28');
INSERT INTO `communities_users` (`community_id`, `user_id`, `created_at`, `updated_at`) VALUES (12, 12, '1985-01-21 18:32:23', '1995-09-04 09:30:22');
INSERT INTO `communities_users` (`community_id`, `user_id`, `created_at`, `updated_at`) VALUES (13, 13, '1993-08-25 12:58:36', '2014-12-15 05:25:40');
INSERT INTO `communities_users` (`community_id`, `user_id`, `created_at`, `updated_at`) VALUES (14, 14, '2002-09-25 06:34:49', '1970-07-17 11:01:27');
INSERT INTO `communities_users` (`community_id`, `user_id`, `created_at`, `updated_at`) VALUES (15, 15, '2012-12-25 06:33:34', '1971-09-05 09:57:42');
INSERT INTO `communities_users` (`community_id`, `user_id`, `created_at`, `updated_at`) VALUES (16, 16, '1998-12-04 02:09:51', '1973-01-02 18:30:11');
INSERT INTO `communities_users` (`community_id`, `user_id`, `created_at`, `updated_at`) VALUES (17, 17, '1996-08-10 16:22:42', '1990-07-03 20:35:38');
INSERT INTO `communities_users` (`community_id`, `user_id`, `created_at`, `updated_at`) VALUES (18, 18, '1971-12-07 00:54:08', '1982-06-11 08:22:25');
INSERT INTO `communities_users` (`community_id`, `user_id`, `created_at`, `updated_at`) VALUES (19, 19, '1993-04-06 00:09:17', '2006-05-06 02:22:04');
INSERT INTO `communities_users` (`community_id`, `user_id`, `created_at`, `updated_at`) VALUES (20, 20, '1996-11-10 15:09:25', '1988-01-25 09:19:37');
INSERT INTO `communities_users` (`community_id`, `user_id`, `created_at`, `updated_at`) VALUES (21, 21, '2020-06-17 16:17:14', '1974-07-13 12:13:41');
INSERT INTO `communities_users` (`community_id`, `user_id`, `created_at`, `updated_at`) VALUES (22, 22, '1975-07-01 00:27:53', '2005-07-10 17:14:17');
INSERT INTO `communities_users` (`community_id`, `user_id`, `created_at`, `updated_at`) VALUES (23, 23, '1998-03-29 02:09:21', '2002-01-06 09:24:53');
INSERT INTO `communities_users` (`community_id`, `user_id`, `created_at`, `updated_at`) VALUES (24, 24, '2010-05-30 13:11:02', '2003-11-01 05:36:37');
INSERT INTO `communities_users` (`community_id`, `user_id`, `created_at`, `updated_at`) VALUES (25, 25, '1984-03-28 03:28:54', '2002-10-25 00:13:20');
INSERT INTO `communities_users` (`community_id`, `user_id`, `created_at`, `updated_at`) VALUES (26, 26, '2019-08-07 13:56:52', '1996-06-02 03:22:05');
INSERT INTO `communities_users` (`community_id`, `user_id`, `created_at`, `updated_at`) VALUES (27, 27, '2017-09-26 21:20:43', '2000-02-04 07:12:43');
INSERT INTO `communities_users` (`community_id`, `user_id`, `created_at`, `updated_at`) VALUES (28, 28, '1979-05-30 03:50:37', '2016-12-04 14:41:26');
INSERT INTO `communities_users` (`community_id`, `user_id`, `created_at`, `updated_at`) VALUES (29, 29, '2003-10-30 19:15:16', '1983-03-21 16:05:51');
INSERT INTO `communities_users` (`community_id`, `user_id`, `created_at`, `updated_at`) VALUES (30, 30, '2005-10-20 08:35:24', '1976-08-14 01:39:22');
INSERT INTO `communities_users` (`community_id`, `user_id`, `created_at`, `updated_at`) VALUES (31, 31, '2012-04-08 20:57:19', '1994-11-09 02:50:48');
INSERT INTO `communities_users` (`community_id`, `user_id`, `created_at`, `updated_at`) VALUES (32, 32, '1977-06-19 15:42:01', '1986-09-21 23:22:05');
INSERT INTO `communities_users` (`community_id`, `user_id`, `created_at`, `updated_at`) VALUES (33, 33, '1982-06-25 22:55:44', '1990-07-10 22:44:27');
INSERT INTO `communities_users` (`community_id`, `user_id`, `created_at`, `updated_at`) VALUES (34, 34, '1988-12-17 06:09:05', '1983-06-02 11:06:18');
INSERT INTO `communities_users` (`community_id`, `user_id`, `created_at`, `updated_at`) VALUES (35, 35, '1982-01-01 22:33:56', '1975-10-09 21:10:55');
INSERT INTO `communities_users` (`community_id`, `user_id`, `created_at`, `updated_at`) VALUES (36, 36, '1986-09-08 22:52:33', '1997-09-25 12:43:13');
INSERT INTO `communities_users` (`community_id`, `user_id`, `created_at`, `updated_at`) VALUES (37, 37, '1983-06-16 16:51:19', '2016-07-24 05:15:47');
INSERT INTO `communities_users` (`community_id`, `user_id`, `created_at`, `updated_at`) VALUES (38, 38, '2013-07-31 00:46:21', '1971-04-15 15:13:18');
INSERT INTO `communities_users` (`community_id`, `user_id`, `created_at`, `updated_at`) VALUES (39, 39, '1975-07-13 09:42:13', '1984-03-07 13:06:12');
INSERT INTO `communities_users` (`community_id`, `user_id`, `created_at`, `updated_at`) VALUES (40, 40, '1988-02-21 06:31:59', '1993-11-24 16:53:31');
INSERT INTO `communities_users` (`community_id`, `user_id`, `created_at`, `updated_at`) VALUES (41, 41, '1974-10-13 19:12:28', '2017-09-14 14:07:59');
INSERT INTO `communities_users` (`community_id`, `user_id`, `created_at`, `updated_at`) VALUES (42, 42, '2012-03-20 01:25:27', '2005-11-17 07:36:59');
INSERT INTO `communities_users` (`community_id`, `user_id`, `created_at`, `updated_at`) VALUES (43, 43, '1974-06-01 13:25:49', '1983-05-31 18:05:34');
INSERT INTO `communities_users` (`community_id`, `user_id`, `created_at`, `updated_at`) VALUES (44, 44, '1992-03-30 09:09:01', '2009-03-17 14:01:11');
INSERT INTO `communities_users` (`community_id`, `user_id`, `created_at`, `updated_at`) VALUES (45, 45, '2020-08-08 20:52:11', '1985-10-20 19:28:24');
INSERT INTO `communities_users` (`community_id`, `user_id`, `created_at`, `updated_at`) VALUES (46, 46, '1991-08-24 12:43:45', '1973-04-14 14:30:40');
INSERT INTO `communities_users` (`community_id`, `user_id`, `created_at`, `updated_at`) VALUES (47, 47, '1979-12-22 19:40:32', '1982-07-27 09:18:47');
INSERT INTO `communities_users` (`community_id`, `user_id`, `created_at`, `updated_at`) VALUES (48, 48, '2012-05-28 04:35:08', '2001-11-30 00:59:54');
INSERT INTO `communities_users` (`community_id`, `user_id`, `created_at`, `updated_at`) VALUES (49, 49, '2019-06-04 21:16:50', '2014-11-29 02:16:49');
INSERT INTO `communities_users` (`community_id`, `user_id`, `created_at`, `updated_at`) VALUES (50, 50, '1997-04-09 13:50:36', '2016-03-09 03:30:43');
INSERT INTO `communities_users` (`community_id`, `user_id`, `created_at`, `updated_at`) VALUES (51, 51, '2019-12-01 09:09:39', '2021-07-09 20:23:18');
INSERT INTO `communities_users` (`community_id`, `user_id`, `created_at`, `updated_at`) VALUES (52, 52, '2012-01-27 15:13:50', '1997-12-02 18:57:45');
INSERT INTO `communities_users` (`community_id`, `user_id`, `created_at`, `updated_at`) VALUES (53, 53, '2020-10-20 15:44:16', '2012-04-18 16:32:19');
INSERT INTO `communities_users` (`community_id`, `user_id`, `created_at`, `updated_at`) VALUES (54, 54, '1971-10-22 06:58:49', '2008-01-25 15:55:50');
INSERT INTO `communities_users` (`community_id`, `user_id`, `created_at`, `updated_at`) VALUES (55, 55, '2018-07-29 01:42:57', '2015-04-28 02:12:21');
INSERT INTO `communities_users` (`community_id`, `user_id`, `created_at`, `updated_at`) VALUES (56, 56, '1987-08-06 21:15:26', '1993-01-31 16:06:52');
INSERT INTO `communities_users` (`community_id`, `user_id`, `created_at`, `updated_at`) VALUES (57, 57, '1979-09-26 05:05:21', '1976-01-31 04:47:23');
INSERT INTO `communities_users` (`community_id`, `user_id`, `created_at`, `updated_at`) VALUES (58, 58, '1988-09-11 13:10:48', '1986-06-24 18:17:21');
INSERT INTO `communities_users` (`community_id`, `user_id`, `created_at`, `updated_at`) VALUES (59, 59, '2004-06-23 10:57:47', '1989-08-10 07:59:02');
INSERT INTO `communities_users` (`community_id`, `user_id`, `created_at`, `updated_at`) VALUES (60, 60, '2002-03-29 03:17:47', '2014-02-03 07:23:32');
INSERT INTO `communities_users` (`community_id`, `user_id`, `created_at`, `updated_at`) VALUES (61, 61, '2004-02-20 08:05:18', '2019-09-15 08:18:36');
INSERT INTO `communities_users` (`community_id`, `user_id`, `created_at`, `updated_at`) VALUES (62, 62, '1984-12-10 15:39:37', '2011-12-12 19:10:20');
INSERT INTO `communities_users` (`community_id`, `user_id`, `created_at`, `updated_at`) VALUES (63, 63, '2014-10-05 06:13:03', '1976-02-17 19:03:22');
INSERT INTO `communities_users` (`community_id`, `user_id`, `created_at`, `updated_at`) VALUES (64, 64, '2005-12-11 08:19:58', '2003-09-14 14:24:55');
INSERT INTO `communities_users` (`community_id`, `user_id`, `created_at`, `updated_at`) VALUES (65, 65, '2013-03-09 05:13:25', '1970-11-29 10:36:00');
INSERT INTO `communities_users` (`community_id`, `user_id`, `created_at`, `updated_at`) VALUES (66, 66, '1994-12-29 12:38:36', '2012-03-19 07:03:47');
INSERT INTO `communities_users` (`community_id`, `user_id`, `created_at`, `updated_at`) VALUES (67, 67, '1996-08-02 19:33:56', '2017-09-25 16:22:30');
INSERT INTO `communities_users` (`community_id`, `user_id`, `created_at`, `updated_at`) VALUES (68, 68, '1973-12-19 22:15:09', '1977-06-04 10:41:41');
INSERT INTO `communities_users` (`community_id`, `user_id`, `created_at`, `updated_at`) VALUES (69, 69, '1973-08-14 17:22:02', '2018-11-25 03:47:44');
INSERT INTO `communities_users` (`community_id`, `user_id`, `created_at`, `updated_at`) VALUES (70, 70, '1992-09-15 05:38:25', '2013-09-06 22:01:24');
INSERT INTO `communities_users` (`community_id`, `user_id`, `created_at`, `updated_at`) VALUES (71, 71, '1987-07-21 20:49:49', '1989-12-23 16:31:45');
INSERT INTO `communities_users` (`community_id`, `user_id`, `created_at`, `updated_at`) VALUES (72, 72, '1996-01-20 15:39:48', '1992-02-19 05:18:07');
INSERT INTO `communities_users` (`community_id`, `user_id`, `created_at`, `updated_at`) VALUES (73, 73, '1975-08-01 16:12:55', '1992-01-24 12:39:28');
INSERT INTO `communities_users` (`community_id`, `user_id`, `created_at`, `updated_at`) VALUES (74, 74, '1985-11-11 00:59:23', '2021-04-09 01:15:51');
INSERT INTO `communities_users` (`community_id`, `user_id`, `created_at`, `updated_at`) VALUES (75, 75, '2001-02-20 17:46:54', '1975-09-22 16:15:34');
INSERT INTO `communities_users` (`community_id`, `user_id`, `created_at`, `updated_at`) VALUES (76, 76, '1996-02-14 22:07:43', '1989-03-17 23:24:00');
INSERT INTO `communities_users` (`community_id`, `user_id`, `created_at`, `updated_at`) VALUES (77, 77, '1991-07-09 05:24:08', '1984-10-20 14:48:11');
INSERT INTO `communities_users` (`community_id`, `user_id`, `created_at`, `updated_at`) VALUES (78, 78, '1973-08-17 01:59:30', '1984-01-09 14:26:46');
INSERT INTO `communities_users` (`community_id`, `user_id`, `created_at`, `updated_at`) VALUES (79, 79, '1997-06-22 16:14:38', '1977-08-10 01:47:17');
INSERT INTO `communities_users` (`community_id`, `user_id`, `created_at`, `updated_at`) VALUES (80, 80, '2018-09-05 13:07:40', '2007-03-04 04:50:35');
INSERT INTO `communities_users` (`community_id`, `user_id`, `created_at`, `updated_at`) VALUES (81, 81, '2000-02-29 17:05:09', '1985-01-30 20:40:15');
INSERT INTO `communities_users` (`community_id`, `user_id`, `created_at`, `updated_at`) VALUES (82, 82, '1984-09-24 16:19:30', '1994-02-18 07:29:23');
INSERT INTO `communities_users` (`community_id`, `user_id`, `created_at`, `updated_at`) VALUES (83, 83, '2019-09-22 07:08:40', '1981-08-16 03:00:35');
INSERT INTO `communities_users` (`community_id`, `user_id`, `created_at`, `updated_at`) VALUES (84, 84, '1979-10-09 17:38:13', '2000-10-14 02:32:03');
INSERT INTO `communities_users` (`community_id`, `user_id`, `created_at`, `updated_at`) VALUES (85, 85, '1976-05-20 17:57:05', '1992-03-09 05:55:24');
INSERT INTO `communities_users` (`community_id`, `user_id`, `created_at`, `updated_at`) VALUES (86, 86, '1984-08-25 10:32:27', '2006-10-23 01:25:46');
INSERT INTO `communities_users` (`community_id`, `user_id`, `created_at`, `updated_at`) VALUES (87, 87, '2007-01-16 00:37:26', '2021-01-21 08:56:28');
INSERT INTO `communities_users` (`community_id`, `user_id`, `created_at`, `updated_at`) VALUES (88, 88, '1997-05-15 23:40:41', '1992-02-22 23:00:33');
INSERT INTO `communities_users` (`community_id`, `user_id`, `created_at`, `updated_at`) VALUES (89, 89, '2015-05-14 23:33:24', '2015-10-10 04:59:12');
INSERT INTO `communities_users` (`community_id`, `user_id`, `created_at`, `updated_at`) VALUES (90, 90, '2018-02-17 05:00:16', '1989-03-15 02:02:42');
INSERT INTO `communities_users` (`community_id`, `user_id`, `created_at`, `updated_at`) VALUES (91, 91, '2003-06-06 17:13:28', '1988-06-18 11:28:35');
INSERT INTO `communities_users` (`community_id`, `user_id`, `created_at`, `updated_at`) VALUES (92, 92, '2020-06-29 11:43:44', '2003-02-11 11:01:14');
INSERT INTO `communities_users` (`community_id`, `user_id`, `created_at`, `updated_at`) VALUES (93, 93, '1981-01-10 16:07:24', '1989-07-03 13:40:32');
INSERT INTO `communities_users` (`community_id`, `user_id`, `created_at`, `updated_at`) VALUES (94, 94, '1995-09-19 04:17:40', '1995-08-20 03:51:37');
INSERT INTO `communities_users` (`community_id`, `user_id`, `created_at`, `updated_at`) VALUES (95, 95, '1974-12-11 16:04:02', '1977-03-22 00:24:34');
INSERT INTO `communities_users` (`community_id`, `user_id`, `created_at`, `updated_at`) VALUES (96, 96, '2014-09-13 17:15:30', '1984-03-07 16:34:18');
INSERT INTO `communities_users` (`community_id`, `user_id`, `created_at`, `updated_at`) VALUES (97, 97, '2014-08-08 23:53:22', '1977-07-04 07:51:54');
INSERT INTO `communities_users` (`community_id`, `user_id`, `created_at`, `updated_at`) VALUES (98, 98, '2004-12-27 17:16:36', '1997-04-17 21:02:12');
INSERT INTO `communities_users` (`community_id`, `user_id`, `created_at`, `updated_at`) VALUES (99, 99, '2013-08-03 18:32:40', '2018-02-13 18:50:12');
INSERT INTO `communities_users` (`community_id`, `user_id`, `created_at`, `updated_at`) VALUES (100, 100, '1978-07-02 07:13:27', '2013-01-27 05:53:41');


INSERT INTO `entity_types` (`name`) VALUES ('qui');
INSERT INTO `entity_types` (`name`) VALUES ('reiciendis');


INSERT INTO `friendship` (`id`, `user_id`, `friend_id`, `friendship_status`, `requested_at`, `accepted_at`, `created_at`, `updated_at`) VALUES (1, 1, 1, 'BLOCKED', '1990-10-23 01:06:38', '2019-07-25 08:32:55', '2015-11-04 20:25:01', '2012-11-28 13:57:03');
INSERT INTO `friendship` (`id`, `user_id`, `friend_id`, `friendship_status`, `requested_at`, `accepted_at`, `created_at`, `updated_at`) VALUES (2, 2, 2, 'FOLLOWING', '1986-09-04 07:50:00', '1971-03-20 13:07:43', '1980-03-05 03:48:46', '1982-09-03 20:51:22');
INSERT INTO `friendship` (`id`, `user_id`, `friend_id`, `friendship_status`, `requested_at`, `accepted_at`, `created_at`, `updated_at`) VALUES (3, 3, 3, 'FRIENDSHIP', '2019-09-19 12:15:17', '1989-07-13 09:27:08', '1973-08-09 13:47:30', '1991-08-05 17:29:25');
INSERT INTO `friendship` (`id`, `user_id`, `friend_id`, `friendship_status`, `requested_at`, `accepted_at`, `created_at`, `updated_at`) VALUES (4, 4, 4, 'FRIENDSHIP', '2015-09-01 22:22:56', '1976-04-23 01:40:49', '2018-05-18 18:21:05', '1980-01-05 03:59:04');
INSERT INTO `friendship` (`id`, `user_id`, `friend_id`, `friendship_status`, `requested_at`, `accepted_at`, `created_at`, `updated_at`) VALUES (5, 5, 5, 'BLOCKED', '1986-02-26 03:51:19', '2021-01-17 23:25:34', '2010-03-31 03:14:39', '1985-10-06 17:49:08');
INSERT INTO `friendship` (`id`, `user_id`, `friend_id`, `friendship_status`, `requested_at`, `accepted_at`, `created_at`, `updated_at`) VALUES (6, 6, 6, 'FOLLOWING', '1983-08-28 13:35:57', '1997-10-19 11:29:57', '1990-11-07 21:43:14', '1975-01-28 00:01:32');
INSERT INTO `friendship` (`id`, `user_id`, `friend_id`, `friendship_status`, `requested_at`, `accepted_at`, `created_at`, `updated_at`) VALUES (7, 7, 7, 'BLOCKED', '1981-10-23 09:35:15', '2018-07-04 17:05:07', '1970-02-05 08:22:41', '2013-04-03 01:38:53');
INSERT INTO `friendship` (`id`, `user_id`, `friend_id`, `friendship_status`, `requested_at`, `accepted_at`, `created_at`, `updated_at`) VALUES (8, 8, 8, 'FRIENDSHIP', '2000-01-18 07:38:01', '1999-04-27 03:59:16', '1974-10-03 17:51:07', '2009-07-25 08:31:13');
INSERT INTO `friendship` (`id`, `user_id`, `friend_id`, `friendship_status`, `requested_at`, `accepted_at`, `created_at`, `updated_at`) VALUES (9, 9, 9, 'FOLLOWING', '1974-03-24 15:21:30', '2015-07-21 05:50:28', '1995-10-10 21:23:08', '1988-05-15 23:05:27');
INSERT INTO `friendship` (`id`, `user_id`, `friend_id`, `friendship_status`, `requested_at`, `accepted_at`, `created_at`, `updated_at`) VALUES (10, 10, 10, 'FOLLOWING', '2008-08-06 18:24:08', '2008-02-15 10:31:45', '1983-03-21 22:10:46', '1984-05-30 22:48:40');
INSERT INTO `friendship` (`id`, `user_id`, `friend_id`, `friendship_status`, `requested_at`, `accepted_at`, `created_at`, `updated_at`) VALUES (11, 11, 11, 'FRIENDSHIP', '1994-11-29 10:23:33', '1993-07-20 07:33:18', '1971-08-20 05:04:29', '1974-12-06 15:16:18');
INSERT INTO `friendship` (`id`, `user_id`, `friend_id`, `friendship_status`, `requested_at`, `accepted_at`, `created_at`, `updated_at`) VALUES (12, 12, 12, 'BLOCKED', '2003-08-27 19:05:59', '2004-04-03 08:30:32', '2005-01-30 15:23:50', '2016-09-19 15:33:11');
INSERT INTO `friendship` (`id`, `user_id`, `friend_id`, `friendship_status`, `requested_at`, `accepted_at`, `created_at`, `updated_at`) VALUES (13, 13, 13, 'BLOCKED', '2020-01-03 05:57:09', '1970-11-03 13:27:45', '1991-11-21 14:47:10', '2021-05-08 13:36:50');
INSERT INTO `friendship` (`id`, `user_id`, `friend_id`, `friendship_status`, `requested_at`, `accepted_at`, `created_at`, `updated_at`) VALUES (14, 14, 14, 'FOLLOWING', '2001-04-23 22:28:28', '1996-03-23 14:17:13', '1988-04-11 14:13:12', '1984-10-15 03:38:11');
INSERT INTO `friendship` (`id`, `user_id`, `friend_id`, `friendship_status`, `requested_at`, `accepted_at`, `created_at`, `updated_at`) VALUES (15, 15, 15, 'FRIENDSHIP', '2015-08-11 08:10:49', '2009-08-02 14:37:30', '1984-01-02 22:32:10', '2017-12-08 02:49:08');
INSERT INTO `friendship` (`id`, `user_id`, `friend_id`, `friendship_status`, `requested_at`, `accepted_at`, `created_at`, `updated_at`) VALUES (16, 16, 16, 'FRIENDSHIP', '2018-08-04 00:32:59', '2003-05-31 06:14:00', '1994-02-02 16:53:56', '2018-05-27 17:50:55');
INSERT INTO `friendship` (`id`, `user_id`, `friend_id`, `friendship_status`, `requested_at`, `accepted_at`, `created_at`, `updated_at`) VALUES (17, 17, 17, 'FRIENDSHIP', '1978-12-08 23:39:18', '1986-01-09 09:13:14', '1976-11-04 01:36:20', '2001-09-24 02:35:19');
INSERT INTO `friendship` (`id`, `user_id`, `friend_id`, `friendship_status`, `requested_at`, `accepted_at`, `created_at`, `updated_at`) VALUES (18, 18, 18, 'FRIENDSHIP', '1999-09-11 02:14:44', '1991-08-05 11:06:36', '1998-02-19 02:52:51', '1992-09-04 03:14:08');
INSERT INTO `friendship` (`id`, `user_id`, `friend_id`, `friendship_status`, `requested_at`, `accepted_at`, `created_at`, `updated_at`) VALUES (19, 19, 19, 'FOLLOWING', '2014-12-22 15:23:54', '1981-04-20 03:55:31', '1987-11-28 12:12:02', '2009-03-31 01:24:54');
INSERT INTO `friendship` (`id`, `user_id`, `friend_id`, `friendship_status`, `requested_at`, `accepted_at`, `created_at`, `updated_at`) VALUES (20, 20, 20, 'FOLLOWING', '1976-05-24 00:29:54', '1981-04-20 03:18:56', '2006-09-10 21:28:34', '2011-03-29 11:39:45');
INSERT INTO `friendship` (`id`, `user_id`, `friend_id`, `friendship_status`, `requested_at`, `accepted_at`, `created_at`, `updated_at`) VALUES (21, 21, 21, 'FOLLOWING', '2014-01-21 16:49:04', '1986-09-30 17:33:38', '2020-01-26 06:35:17', '1996-08-19 02:13:20');
INSERT INTO `friendship` (`id`, `user_id`, `friend_id`, `friendship_status`, `requested_at`, `accepted_at`, `created_at`, `updated_at`) VALUES (22, 22, 22, 'FOLLOWING', '1981-03-18 12:10:51', '1970-08-13 19:11:21', '1988-10-19 20:05:30', '2010-08-06 03:16:06');
INSERT INTO `friendship` (`id`, `user_id`, `friend_id`, `friendship_status`, `requested_at`, `accepted_at`, `created_at`, `updated_at`) VALUES (23, 23, 23, 'FOLLOWING', '2013-08-11 15:58:35', '1984-11-05 14:34:03', '2016-06-12 12:31:01', '1989-03-18 08:27:03');
INSERT INTO `friendship` (`id`, `user_id`, `friend_id`, `friendship_status`, `requested_at`, `accepted_at`, `created_at`, `updated_at`) VALUES (24, 24, 24, 'FOLLOWING', '1980-09-28 09:02:08', '1976-01-28 02:49:20', '1983-12-11 11:05:46', '1971-01-16 16:53:23');
INSERT INTO `friendship` (`id`, `user_id`, `friend_id`, `friendship_status`, `requested_at`, `accepted_at`, `created_at`, `updated_at`) VALUES (25, 25, 25, 'FOLLOWING', '1998-03-14 15:30:51', '1980-07-05 02:39:36', '2010-03-24 23:41:18', '1984-09-03 09:10:31');
INSERT INTO `friendship` (`id`, `user_id`, `friend_id`, `friendship_status`, `requested_at`, `accepted_at`, `created_at`, `updated_at`) VALUES (26, 26, 26, 'BLOCKED', '2017-03-15 20:23:35', '1984-12-04 03:53:23', '2018-09-09 20:55:49', '2016-06-05 18:27:39');
INSERT INTO `friendship` (`id`, `user_id`, `friend_id`, `friendship_status`, `requested_at`, `accepted_at`, `created_at`, `updated_at`) VALUES (27, 27, 27, 'FOLLOWING', '1974-11-03 02:50:25', '1980-04-05 00:32:28', '1993-02-12 08:49:29', '2018-06-23 18:34:00');
INSERT INTO `friendship` (`id`, `user_id`, `friend_id`, `friendship_status`, `requested_at`, `accepted_at`, `created_at`, `updated_at`) VALUES (28, 28, 28, 'FOLLOWING', '1997-11-30 20:13:50', '2014-01-22 23:43:39', '2016-11-14 22:43:10', '2009-01-13 15:05:17');
INSERT INTO `friendship` (`id`, `user_id`, `friend_id`, `friendship_status`, `requested_at`, `accepted_at`, `created_at`, `updated_at`) VALUES (29, 29, 29, 'FRIENDSHIP', '2015-04-12 17:51:52', '2015-09-29 01:02:24', '2015-09-04 09:11:03', '2019-02-20 04:47:05');
INSERT INTO `friendship` (`id`, `user_id`, `friend_id`, `friendship_status`, `requested_at`, `accepted_at`, `created_at`, `updated_at`) VALUES (30, 30, 30, 'FOLLOWING', '1994-11-12 02:47:36', '2021-02-14 09:10:08', '1972-06-04 11:15:55', '1985-08-20 15:03:10');
INSERT INTO `friendship` (`id`, `user_id`, `friend_id`, `friendship_status`, `requested_at`, `accepted_at`, `created_at`, `updated_at`) VALUES (31, 31, 31, 'BLOCKED', '1990-12-27 03:10:07', '2021-04-03 08:17:37', '1997-05-27 22:34:12', '1988-09-28 20:41:32');
INSERT INTO `friendship` (`id`, `user_id`, `friend_id`, `friendship_status`, `requested_at`, `accepted_at`, `created_at`, `updated_at`) VALUES (32, 32, 32, 'BLOCKED', '2012-05-18 12:09:32', '2015-12-02 11:46:06', '2001-12-07 18:00:58', '2020-05-23 07:42:29');
INSERT INTO `friendship` (`id`, `user_id`, `friend_id`, `friendship_status`, `requested_at`, `accepted_at`, `created_at`, `updated_at`) VALUES (33, 33, 33, 'FOLLOWING', '1979-06-09 17:49:36', '1995-11-16 12:26:35', '2013-07-26 10:05:52', '1995-02-19 04:28:38');
INSERT INTO `friendship` (`id`, `user_id`, `friend_id`, `friendship_status`, `requested_at`, `accepted_at`, `created_at`, `updated_at`) VALUES (34, 34, 34, 'BLOCKED', '1992-08-06 15:37:10', '2013-11-14 17:01:41', '1975-06-21 09:54:57', '1999-07-25 19:25:15');
INSERT INTO `friendship` (`id`, `user_id`, `friend_id`, `friendship_status`, `requested_at`, `accepted_at`, `created_at`, `updated_at`) VALUES (35, 35, 35, 'FRIENDSHIP', '1986-09-29 09:41:35', '2005-04-17 14:21:24', '1980-01-09 10:58:29', '2010-02-07 01:04:44');
INSERT INTO `friendship` (`id`, `user_id`, `friend_id`, `friendship_status`, `requested_at`, `accepted_at`, `created_at`, `updated_at`) VALUES (36, 36, 36, 'FOLLOWING', '1997-07-12 15:13:24', '1995-12-17 05:38:58', '1992-04-07 22:00:36', '2009-05-04 04:28:57');
INSERT INTO `friendship` (`id`, `user_id`, `friend_id`, `friendship_status`, `requested_at`, `accepted_at`, `created_at`, `updated_at`) VALUES (37, 37, 37, 'BLOCKED', '1973-02-20 14:52:26', '1972-09-18 10:27:00', '2001-09-06 08:06:21', '2015-04-01 22:47:35');
INSERT INTO `friendship` (`id`, `user_id`, `friend_id`, `friendship_status`, `requested_at`, `accepted_at`, `created_at`, `updated_at`) VALUES (38, 38, 38, 'FOLLOWING', '1974-09-20 03:59:42', '1970-06-01 07:22:52', '1981-01-28 17:35:31', '1984-02-08 12:27:11');
INSERT INTO `friendship` (`id`, `user_id`, `friend_id`, `friendship_status`, `requested_at`, `accepted_at`, `created_at`, `updated_at`) VALUES (39, 39, 39, 'FOLLOWING', '2017-01-29 18:53:03', '1981-02-05 03:14:49', '2018-07-29 22:02:13', '1982-09-13 02:16:53');
INSERT INTO `friendship` (`id`, `user_id`, `friend_id`, `friendship_status`, `requested_at`, `accepted_at`, `created_at`, `updated_at`) VALUES (40, 40, 40, 'BLOCKED', '1972-03-11 00:31:27', '1979-06-05 16:26:05', '2004-04-13 00:38:44', '1976-02-10 05:12:42');
INSERT INTO `friendship` (`id`, `user_id`, `friend_id`, `friendship_status`, `requested_at`, `accepted_at`, `created_at`, `updated_at`) VALUES (41, 41, 41, 'BLOCKED', '2005-06-08 21:38:50', '2018-03-06 08:35:24', '2011-07-26 20:46:12', '2010-08-17 05:20:23');
INSERT INTO `friendship` (`id`, `user_id`, `friend_id`, `friendship_status`, `requested_at`, `accepted_at`, `created_at`, `updated_at`) VALUES (42, 42, 42, 'FRIENDSHIP', '1990-10-28 13:34:39', '1972-12-26 22:22:53', '2013-07-10 12:05:37', '1982-04-29 13:04:34');
INSERT INTO `friendship` (`id`, `user_id`, `friend_id`, `friendship_status`, `requested_at`, `accepted_at`, `created_at`, `updated_at`) VALUES (43, 43, 43, 'FRIENDSHIP', '1992-12-01 15:46:59', '1979-04-03 05:46:55', '2008-02-16 15:30:28', '2001-06-27 19:18:36');
INSERT INTO `friendship` (`id`, `user_id`, `friend_id`, `friendship_status`, `requested_at`, `accepted_at`, `created_at`, `updated_at`) VALUES (44, 44, 44, 'FRIENDSHIP', '2011-04-11 12:08:48', '1986-06-19 17:54:13', '1982-03-27 09:32:03', '1990-03-23 13:27:57');
INSERT INTO `friendship` (`id`, `user_id`, `friend_id`, `friendship_status`, `requested_at`, `accepted_at`, `created_at`, `updated_at`) VALUES (45, 45, 45, 'BLOCKED', '1989-09-01 08:22:48', '1972-04-11 20:52:12', '1990-01-27 23:02:24', '1972-02-22 16:22:17');
INSERT INTO `friendship` (`id`, `user_id`, `friend_id`, `friendship_status`, `requested_at`, `accepted_at`, `created_at`, `updated_at`) VALUES (46, 46, 46, 'FOLLOWING', '1988-09-01 08:38:51', '1994-01-12 00:58:40', '1985-02-16 17:32:43', '1975-04-22 18:29:03');
INSERT INTO `friendship` (`id`, `user_id`, `friend_id`, `friendship_status`, `requested_at`, `accepted_at`, `created_at`, `updated_at`) VALUES (47, 47, 47, 'FOLLOWING', '1983-04-05 04:34:36', '2005-03-20 16:50:36', '2006-10-11 01:39:47', '1974-12-10 12:48:04');
INSERT INTO `friendship` (`id`, `user_id`, `friend_id`, `friendship_status`, `requested_at`, `accepted_at`, `created_at`, `updated_at`) VALUES (48, 48, 48, 'BLOCKED', '1990-05-22 19:39:55', '1990-04-24 12:33:43', '1988-08-21 05:39:45', '1972-05-24 16:27:42');
INSERT INTO `friendship` (`id`, `user_id`, `friend_id`, `friendship_status`, `requested_at`, `accepted_at`, `created_at`, `updated_at`) VALUES (49, 49, 49, 'FOLLOWING', '2008-01-08 11:20:21', '1984-09-21 20:03:43', '2009-09-12 23:57:52', '2003-10-04 16:12:49');
INSERT INTO `friendship` (`id`, `user_id`, `friend_id`, `friendship_status`, `requested_at`, `accepted_at`, `created_at`, `updated_at`) VALUES (50, 50, 50, 'BLOCKED', '2012-03-06 07:21:50', '1984-02-21 21:03:36', '2003-09-04 23:38:08', '1980-07-14 12:17:04');
INSERT INTO `friendship` (`id`, `user_id`, `friend_id`, `friendship_status`, `requested_at`, `accepted_at`, `created_at`, `updated_at`) VALUES (51, 51, 51, 'FOLLOWING', '2010-06-11 14:49:21', '2003-09-14 09:43:57', '2019-04-14 19:21:23', '1981-03-20 09:59:25');
INSERT INTO `friendship` (`id`, `user_id`, `friend_id`, `friendship_status`, `requested_at`, `accepted_at`, `created_at`, `updated_at`) VALUES (52, 52, 52, 'BLOCKED', '1983-07-01 15:20:12', '2016-02-13 10:48:03', '1983-05-08 00:47:52', '1989-06-19 14:26:19');
INSERT INTO `friendship` (`id`, `user_id`, `friend_id`, `friendship_status`, `requested_at`, `accepted_at`, `created_at`, `updated_at`) VALUES (53, 53, 53, 'FOLLOWING', '1972-08-14 06:14:17', '2013-06-13 07:18:44', '1988-06-23 07:03:24', '2018-03-12 20:21:32');
INSERT INTO `friendship` (`id`, `user_id`, `friend_id`, `friendship_status`, `requested_at`, `accepted_at`, `created_at`, `updated_at`) VALUES (54, 54, 54, 'BLOCKED', '1980-03-14 00:19:06', '2009-08-17 06:22:25', '1985-05-26 12:30:37', '1993-04-27 03:37:51');
INSERT INTO `friendship` (`id`, `user_id`, `friend_id`, `friendship_status`, `requested_at`, `accepted_at`, `created_at`, `updated_at`) VALUES (55, 55, 55, 'BLOCKED', '1988-01-21 09:05:17', '1986-01-13 20:43:29', '2007-07-12 03:46:36', '2014-08-17 12:10:18');
INSERT INTO `friendship` (`id`, `user_id`, `friend_id`, `friendship_status`, `requested_at`, `accepted_at`, `created_at`, `updated_at`) VALUES (56, 56, 56, 'FRIENDSHIP', '1999-12-29 22:55:42', '1997-07-08 11:51:23', '1996-09-20 14:37:43', '2013-10-18 18:18:10');
INSERT INTO `friendship` (`id`, `user_id`, `friend_id`, `friendship_status`, `requested_at`, `accepted_at`, `created_at`, `updated_at`) VALUES (57, 57, 57, 'FOLLOWING', '1988-11-25 14:24:54', '2004-09-10 22:23:47', '1993-02-19 09:33:30', '2020-12-30 07:36:11');
INSERT INTO `friendship` (`id`, `user_id`, `friend_id`, `friendship_status`, `requested_at`, `accepted_at`, `created_at`, `updated_at`) VALUES (58, 58, 58, 'FOLLOWING', '1970-12-15 03:12:15', '2006-08-20 19:19:15', '2020-11-20 16:55:36', '1992-12-12 22:10:51');
INSERT INTO `friendship` (`id`, `user_id`, `friend_id`, `friendship_status`, `requested_at`, `accepted_at`, `created_at`, `updated_at`) VALUES (59, 59, 59, 'FOLLOWING', '1983-10-26 19:16:40', '1978-01-14 04:48:34', '2016-02-08 21:09:46', '2005-11-30 19:03:36');
INSERT INTO `friendship` (`id`, `user_id`, `friend_id`, `friendship_status`, `requested_at`, `accepted_at`, `created_at`, `updated_at`) VALUES (60, 60, 60, 'FRIENDSHIP', '2005-05-17 08:57:05', '2007-04-28 01:14:58', '2008-05-07 04:41:09', '2016-04-14 02:56:40');
INSERT INTO `friendship` (`id`, `user_id`, `friend_id`, `friendship_status`, `requested_at`, `accepted_at`, `created_at`, `updated_at`) VALUES (61, 61, 61, 'FOLLOWING', '1979-03-30 21:52:52', '2017-08-04 23:15:41', '1980-10-20 07:59:51', '1988-04-15 16:21:23');
INSERT INTO `friendship` (`id`, `user_id`, `friend_id`, `friendship_status`, `requested_at`, `accepted_at`, `created_at`, `updated_at`) VALUES (62, 62, 62, 'FRIENDSHIP', '1994-05-18 13:41:50', '1977-05-04 18:48:20', '1987-09-19 15:23:59', '1997-10-18 14:03:26');
INSERT INTO `friendship` (`id`, `user_id`, `friend_id`, `friendship_status`, `requested_at`, `accepted_at`, `created_at`, `updated_at`) VALUES (63, 63, 63, 'FOLLOWING', '2020-04-06 05:09:54', '1977-06-01 23:07:37', '1993-09-16 03:10:15', '2003-10-27 07:42:19');
INSERT INTO `friendship` (`id`, `user_id`, `friend_id`, `friendship_status`, `requested_at`, `accepted_at`, `created_at`, `updated_at`) VALUES (64, 64, 64, 'FOLLOWING', '2017-02-11 09:53:35', '2002-03-09 10:34:18', '2004-02-22 20:55:24', '2000-12-19 12:39:37');
INSERT INTO `friendship` (`id`, `user_id`, `friend_id`, `friendship_status`, `requested_at`, `accepted_at`, `created_at`, `updated_at`) VALUES (65, 65, 65, 'FRIENDSHIP', '1987-08-13 23:45:58', '2005-03-17 16:04:04', '1994-03-01 07:45:38', '2000-02-24 15:01:53');
INSERT INTO `friendship` (`id`, `user_id`, `friend_id`, `friendship_status`, `requested_at`, `accepted_at`, `created_at`, `updated_at`) VALUES (66, 66, 66, 'FOLLOWING', '1986-11-16 13:48:52', '1997-10-11 07:49:59', '1974-11-16 07:54:26', '1977-09-15 23:56:41');
INSERT INTO `friendship` (`id`, `user_id`, `friend_id`, `friendship_status`, `requested_at`, `accepted_at`, `created_at`, `updated_at`) VALUES (67, 67, 67, 'FOLLOWING', '1980-10-11 05:59:18', '2014-11-28 17:42:22', '1989-11-29 01:57:20', '1997-06-23 17:50:55');
INSERT INTO `friendship` (`id`, `user_id`, `friend_id`, `friendship_status`, `requested_at`, `accepted_at`, `created_at`, `updated_at`) VALUES (68, 68, 68, 'BLOCKED', '2017-05-24 23:37:20', '2011-03-06 19:02:33', '2009-11-15 18:01:54', '1974-03-05 02:05:47');
INSERT INTO `friendship` (`id`, `user_id`, `friend_id`, `friendship_status`, `requested_at`, `accepted_at`, `created_at`, `updated_at`) VALUES (69, 69, 69, 'BLOCKED', '1991-03-13 02:22:53', '1994-09-13 18:46:20', '2004-02-07 23:18:22', '1988-02-02 12:39:13');
INSERT INTO `friendship` (`id`, `user_id`, `friend_id`, `friendship_status`, `requested_at`, `accepted_at`, `created_at`, `updated_at`) VALUES (70, 70, 70, 'BLOCKED', '1989-08-11 21:54:18', '1987-11-16 03:53:00', '2009-01-23 00:32:03', '2016-07-11 22:14:24');
INSERT INTO `friendship` (`id`, `user_id`, `friend_id`, `friendship_status`, `requested_at`, `accepted_at`, `created_at`, `updated_at`) VALUES (71, 71, 71, 'FOLLOWING', '2001-01-12 14:45:52', '1975-07-10 12:15:37', '1988-01-14 18:55:43', '1999-04-17 15:07:27');
INSERT INTO `friendship` (`id`, `user_id`, `friend_id`, `friendship_status`, `requested_at`, `accepted_at`, `created_at`, `updated_at`) VALUES (72, 72, 72, 'FRIENDSHIP', '1992-05-27 15:55:56', '1978-09-12 18:53:24', '1976-11-26 19:45:49', '2000-01-06 09:14:59');
INSERT INTO `friendship` (`id`, `user_id`, `friend_id`, `friendship_status`, `requested_at`, `accepted_at`, `created_at`, `updated_at`) VALUES (73, 73, 73, 'BLOCKED', '2017-11-14 13:08:32', '2016-08-02 08:29:48', '1970-12-26 22:34:55', '1974-11-23 21:47:03');
INSERT INTO `friendship` (`id`, `user_id`, `friend_id`, `friendship_status`, `requested_at`, `accepted_at`, `created_at`, `updated_at`) VALUES (74, 74, 74, 'FRIENDSHIP', '1993-05-08 10:11:45', '2001-09-30 18:48:27', '1985-08-30 04:17:30', '1972-10-22 01:32:22');
INSERT INTO `friendship` (`id`, `user_id`, `friend_id`, `friendship_status`, `requested_at`, `accepted_at`, `created_at`, `updated_at`) VALUES (75, 75, 75, 'BLOCKED', '2011-08-16 14:54:36', '1975-04-29 01:34:59', '2004-10-27 14:28:54', '2019-08-15 10:20:00');
INSERT INTO `friendship` (`id`, `user_id`, `friend_id`, `friendship_status`, `requested_at`, `accepted_at`, `created_at`, `updated_at`) VALUES (76, 76, 76, 'BLOCKED', '1975-03-30 17:00:51', '2000-03-29 08:44:39', '2010-11-13 08:03:07', '2007-08-21 22:18:51');
INSERT INTO `friendship` (`id`, `user_id`, `friend_id`, `friendship_status`, `requested_at`, `accepted_at`, `created_at`, `updated_at`) VALUES (77, 77, 77, 'FOLLOWING', '2012-11-01 16:29:03', '1992-02-15 11:51:44', '1995-10-27 16:53:29', '2009-01-14 14:56:15');
INSERT INTO `friendship` (`id`, `user_id`, `friend_id`, `friendship_status`, `requested_at`, `accepted_at`, `created_at`, `updated_at`) VALUES (78, 78, 78, 'FOLLOWING', '2011-01-20 10:31:08', '1984-05-24 20:29:13', '1993-06-14 08:35:50', '1995-10-17 21:17:07');
INSERT INTO `friendship` (`id`, `user_id`, `friend_id`, `friendship_status`, `requested_at`, `accepted_at`, `created_at`, `updated_at`) VALUES (79, 79, 79, 'BLOCKED', '1976-10-23 00:51:24', '2021-04-08 08:20:25', '2014-05-10 17:17:20', '2006-01-29 18:08:27');
INSERT INTO `friendship` (`id`, `user_id`, `friend_id`, `friendship_status`, `requested_at`, `accepted_at`, `created_at`, `updated_at`) VALUES (80, 80, 80, 'FRIENDSHIP', '1972-05-07 01:25:58', '1997-05-24 05:01:25', '1974-01-01 17:34:53', '2008-10-18 20:13:16');
INSERT INTO `friendship` (`id`, `user_id`, `friend_id`, `friendship_status`, `requested_at`, `accepted_at`, `created_at`, `updated_at`) VALUES (81, 81, 81, 'FOLLOWING', '2000-06-08 11:00:47', '2012-03-28 16:16:35', '2004-03-28 02:44:41', '1980-04-11 11:31:45');
INSERT INTO `friendship` (`id`, `user_id`, `friend_id`, `friendship_status`, `requested_at`, `accepted_at`, `created_at`, `updated_at`) VALUES (82, 82, 82, 'BLOCKED', '1980-05-09 10:42:39', '1978-05-19 02:20:40', '2014-09-30 18:22:21', '1989-05-23 23:43:56');
INSERT INTO `friendship` (`id`, `user_id`, `friend_id`, `friendship_status`, `requested_at`, `accepted_at`, `created_at`, `updated_at`) VALUES (83, 83, 83, 'BLOCKED', '2012-07-02 05:43:56', '1974-11-24 21:41:59', '2007-07-24 23:40:21', '2004-03-07 06:15:50');
INSERT INTO `friendship` (`id`, `user_id`, `friend_id`, `friendship_status`, `requested_at`, `accepted_at`, `created_at`, `updated_at`) VALUES (84, 84, 84, 'FOLLOWING', '1991-06-03 19:42:31', '1972-03-24 01:17:09', '2005-10-28 20:56:00', '1981-12-08 16:42:44');
INSERT INTO `friendship` (`id`, `user_id`, `friend_id`, `friendship_status`, `requested_at`, `accepted_at`, `created_at`, `updated_at`) VALUES (85, 85, 85, 'BLOCKED', '1981-04-21 07:31:39', '2012-04-18 02:24:17', '2019-06-05 22:43:54', '2001-05-13 08:19:03');
INSERT INTO `friendship` (`id`, `user_id`, `friend_id`, `friendship_status`, `requested_at`, `accepted_at`, `created_at`, `updated_at`) VALUES (86, 86, 86, 'BLOCKED', '1985-12-25 16:37:49', '1985-08-08 02:48:51', '1998-02-21 08:19:33', '2008-11-12 14:50:26');
INSERT INTO `friendship` (`id`, `user_id`, `friend_id`, `friendship_status`, `requested_at`, `accepted_at`, `created_at`, `updated_at`) VALUES (87, 87, 87, 'BLOCKED', '2014-03-08 01:03:30', '2001-11-05 14:37:50', '2020-01-26 13:10:45', '2003-07-17 21:42:45');
INSERT INTO `friendship` (`id`, `user_id`, `friend_id`, `friendship_status`, `requested_at`, `accepted_at`, `created_at`, `updated_at`) VALUES (88, 88, 88, 'BLOCKED', '1994-07-21 03:42:12', '2014-09-10 02:01:45', '2005-09-22 08:16:22', '1993-12-21 15:04:16');
INSERT INTO `friendship` (`id`, `user_id`, `friend_id`, `friendship_status`, `requested_at`, `accepted_at`, `created_at`, `updated_at`) VALUES (89, 89, 89, 'FOLLOWING', '2011-05-15 11:16:38', '2004-06-30 06:04:56', '2002-04-24 11:25:57', '2021-04-05 17:28:50');
INSERT INTO `friendship` (`id`, `user_id`, `friend_id`, `friendship_status`, `requested_at`, `accepted_at`, `created_at`, `updated_at`) VALUES (90, 90, 90, 'FOLLOWING', '1989-06-22 23:04:55', '2000-05-23 04:19:29', '2013-10-08 06:49:04', '2009-02-25 12:35:53');
INSERT INTO `friendship` (`id`, `user_id`, `friend_id`, `friendship_status`, `requested_at`, `accepted_at`, `created_at`, `updated_at`) VALUES (91, 91, 91, 'FOLLOWING', '2000-08-24 04:50:38', '1980-10-18 01:02:22', '2006-12-12 05:15:56', '2019-11-15 09:08:43');
INSERT INTO `friendship` (`id`, `user_id`, `friend_id`, `friendship_status`, `requested_at`, `accepted_at`, `created_at`, `updated_at`) VALUES (92, 92, 92, 'BLOCKED', '1978-07-13 19:01:08', '1980-06-24 05:40:56', '2012-09-28 04:39:19', '2003-09-12 02:37:41');
INSERT INTO `friendship` (`id`, `user_id`, `friend_id`, `friendship_status`, `requested_at`, `accepted_at`, `created_at`, `updated_at`) VALUES (93, 93, 93, 'BLOCKED', '2019-04-16 07:05:47', '1997-07-18 09:49:22', '1989-05-16 23:39:08', '1997-11-25 05:19:19');
INSERT INTO `friendship` (`id`, `user_id`, `friend_id`, `friendship_status`, `requested_at`, `accepted_at`, `created_at`, `updated_at`) VALUES (94, 94, 94, 'BLOCKED', '1998-03-28 04:18:03', '1996-12-30 03:30:57', '1993-05-29 06:05:45', '2003-07-09 15:21:57');
INSERT INTO `friendship` (`id`, `user_id`, `friend_id`, `friendship_status`, `requested_at`, `accepted_at`, `created_at`, `updated_at`) VALUES (95, 95, 95, 'FOLLOWING', '2006-06-09 16:04:42', '2012-06-09 07:06:08', '1985-10-24 06:15:45', '2008-11-19 16:10:32');
INSERT INTO `friendship` (`id`, `user_id`, `friend_id`, `friendship_status`, `requested_at`, `accepted_at`, `created_at`, `updated_at`) VALUES (96, 96, 96, 'BLOCKED', '1979-04-27 08:49:53', '1982-01-30 15:29:25', '1990-01-30 01:21:06', '2008-02-22 06:04:51');
INSERT INTO `friendship` (`id`, `user_id`, `friend_id`, `friendship_status`, `requested_at`, `accepted_at`, `created_at`, `updated_at`) VALUES (97, 97, 97, 'FRIENDSHIP', '1980-01-22 11:48:33', '1986-08-14 01:42:40', '2013-07-19 23:22:23', '1990-03-28 01:32:11');
INSERT INTO `friendship` (`id`, `user_id`, `friend_id`, `friendship_status`, `requested_at`, `accepted_at`, `created_at`, `updated_at`) VALUES (98, 98, 98, 'BLOCKED', '1981-10-01 00:43:00', '2006-09-07 23:54:33', '2018-07-02 08:49:39', '1979-11-08 08:34:59');
INSERT INTO `friendship` (`id`, `user_id`, `friend_id`, `friendship_status`, `requested_at`, `accepted_at`, `created_at`, `updated_at`) VALUES (99, 99, 99, 'BLOCKED', '1980-09-16 20:06:17', '1986-11-12 01:54:28', '2005-08-12 19:03:14', '1972-05-19 03:13:23');
INSERT INTO `friendship` (`id`, `user_id`, `friend_id`, `friendship_status`, `requested_at`, `accepted_at`, `created_at`, `updated_at`) VALUES (100, 100, 100, 'FOLLOWING', '2007-10-31 13:27:19', '2000-04-30 09:39:08', '1976-05-31 20:51:40', '1975-04-03 13:28:13');


INSERT INTO `likes` (`id`, `from_user_id`, `entity_id`, `entity_name`, `created_at`, `updated_at`) VALUES (1, 1, 5, 'reiciendis', '2008-12-07 10:47:52', '2004-07-11 08:19:06');
INSERT INTO `likes` (`id`, `from_user_id`, `entity_id`, `entity_name`, `created_at`, `updated_at`) VALUES (2, 2, 5, 'reiciendis', '2017-08-10 05:56:19', '1998-05-09 07:20:52');
INSERT INTO `likes` (`id`, `from_user_id`, `entity_id`, `entity_name`, `created_at`, `updated_at`) VALUES (3, 3, 2, 'qui', '2002-03-16 08:32:18', '2002-08-02 18:12:42');
INSERT INTO `likes` (`id`, `from_user_id`, `entity_id`, `entity_name`, `created_at`, `updated_at`) VALUES (4, 4, 8, 'qui', '1970-07-11 12:08:58', '1972-10-26 12:57:02');
INSERT INTO `likes` (`id`, `from_user_id`, `entity_id`, `entity_name`, `created_at`, `updated_at`) VALUES (5, 5, 1, 'reiciendis', '2007-08-17 05:54:06', '1988-07-19 18:06:24');
INSERT INTO `likes` (`id`, `from_user_id`, `entity_id`, `entity_name`, `created_at`, `updated_at`) VALUES (6, 6, 4, 'reiciendis', '2000-07-29 21:12:29', '2003-08-03 23:51:48');
INSERT INTO `likes` (`id`, `from_user_id`, `entity_id`, `entity_name`, `created_at`, `updated_at`) VALUES (7, 7, 9, 'qui', '2018-10-15 22:15:55', '1988-11-20 16:22:08');
INSERT INTO `likes` (`id`, `from_user_id`, `entity_id`, `entity_name`, `created_at`, `updated_at`) VALUES (8, 8, 6, 'qui', '1970-12-01 15:37:34', '1989-11-09 18:12:44');
INSERT INTO `likes` (`id`, `from_user_id`, `entity_id`, `entity_name`, `created_at`, `updated_at`) VALUES (9, 9, 5, 'qui', '1986-03-04 01:18:44', '1996-02-24 23:09:06');
INSERT INTO `likes` (`id`, `from_user_id`, `entity_id`, `entity_name`, `created_at`, `updated_at`) VALUES (10, 10, 7, 'reiciendis', '1971-11-06 12:37:16', '2004-09-18 21:32:30');
INSERT INTO `likes` (`id`, `from_user_id`, `entity_id`, `entity_name`, `created_at`, `updated_at`) VALUES (11, 11, 9, 'qui', '1994-02-13 12:37:37', '2000-06-05 08:26:06');
INSERT INTO `likes` (`id`, `from_user_id`, `entity_id`, `entity_name`, `created_at`, `updated_at`) VALUES (12, 12, 4, 'qui', '1986-01-12 16:59:17', '2002-03-30 18:12:15');
INSERT INTO `likes` (`id`, `from_user_id`, `entity_id`, `entity_name`, `created_at`, `updated_at`) VALUES (13, 13, 8, 'reiciendis', '2016-12-07 10:16:57', '1970-01-09 23:08:18');
INSERT INTO `likes` (`id`, `from_user_id`, `entity_id`, `entity_name`, `created_at`, `updated_at`) VALUES (14, 14, 2, 'qui', '2002-10-08 10:50:20', '1976-03-27 13:58:30');
INSERT INTO `likes` (`id`, `from_user_id`, `entity_id`, `entity_name`, `created_at`, `updated_at`) VALUES (15, 15, 2, 'reiciendis', '1981-05-30 05:14:41', '2004-03-31 02:08:12');
INSERT INTO `likes` (`id`, `from_user_id`, `entity_id`, `entity_name`, `created_at`, `updated_at`) VALUES (16, 16, 6, 'reiciendis', '2003-06-30 14:19:12', '2013-12-11 20:56:55');
INSERT INTO `likes` (`id`, `from_user_id`, `entity_id`, `entity_name`, `created_at`, `updated_at`) VALUES (17, 17, 7, 'reiciendis', '2003-09-30 17:21:34', '1999-12-15 15:19:03');
INSERT INTO `likes` (`id`, `from_user_id`, `entity_id`, `entity_name`, `created_at`, `updated_at`) VALUES (18, 18, 2, 'qui', '1970-04-15 10:44:58', '2014-09-21 23:34:11');
INSERT INTO `likes` (`id`, `from_user_id`, `entity_id`, `entity_name`, `created_at`, `updated_at`) VALUES (19, 19, 5, 'reiciendis', '1970-04-21 20:16:03', '1986-08-31 08:40:30');
INSERT INTO `likes` (`id`, `from_user_id`, `entity_id`, `entity_name`, `created_at`, `updated_at`) VALUES (20, 20, 8, 'qui', '1979-04-02 12:55:48', '1976-03-15 23:02:20');
INSERT INTO `likes` (`id`, `from_user_id`, `entity_id`, `entity_name`, `created_at`, `updated_at`) VALUES (21, 21, 6, 'reiciendis', '2002-01-31 16:16:26', '1990-05-29 18:45:41');
INSERT INTO `likes` (`id`, `from_user_id`, `entity_id`, `entity_name`, `created_at`, `updated_at`) VALUES (22, 22, 6, 'reiciendis', '2014-11-30 06:45:20', '1978-08-27 08:52:16');
INSERT INTO `likes` (`id`, `from_user_id`, `entity_id`, `entity_name`, `created_at`, `updated_at`) VALUES (23, 23, 2, 'qui', '1994-06-22 17:56:22', '2001-05-17 18:00:12');
INSERT INTO `likes` (`id`, `from_user_id`, `entity_id`, `entity_name`, `created_at`, `updated_at`) VALUES (24, 24, 3, 'reiciendis', '2002-04-21 07:42:36', '2016-02-04 06:52:46');
INSERT INTO `likes` (`id`, `from_user_id`, `entity_id`, `entity_name`, `created_at`, `updated_at`) VALUES (25, 25, 1, 'qui', '1980-03-26 17:44:14', '1999-03-19 04:25:56');
INSERT INTO `likes` (`id`, `from_user_id`, `entity_id`, `entity_name`, `created_at`, `updated_at`) VALUES (26, 26, 3, 'qui', '2004-09-06 03:16:33', '1994-07-26 07:17:08');
INSERT INTO `likes` (`id`, `from_user_id`, `entity_id`, `entity_name`, `created_at`, `updated_at`) VALUES (27, 27, 1, 'reiciendis', '1971-10-19 22:20:16', '1973-08-16 13:56:35');
INSERT INTO `likes` (`id`, `from_user_id`, `entity_id`, `entity_name`, `created_at`, `updated_at`) VALUES (28, 28, 6, 'qui', '1979-05-17 11:34:39', '2020-03-07 15:39:44');
INSERT INTO `likes` (`id`, `from_user_id`, `entity_id`, `entity_name`, `created_at`, `updated_at`) VALUES (29, 29, 1, 'qui', '1971-04-18 03:10:33', '1997-02-11 04:33:54');
INSERT INTO `likes` (`id`, `from_user_id`, `entity_id`, `entity_name`, `created_at`, `updated_at`) VALUES (30, 30, 7, 'qui', '2014-12-27 08:32:20', '2003-01-02 23:08:20');
INSERT INTO `likes` (`id`, `from_user_id`, `entity_id`, `entity_name`, `created_at`, `updated_at`) VALUES (31, 31, 6, 'reiciendis', '1974-11-18 21:25:31', '1977-02-26 08:50:54');
INSERT INTO `likes` (`id`, `from_user_id`, `entity_id`, `entity_name`, `created_at`, `updated_at`) VALUES (32, 32, 5, 'qui', '2020-02-26 08:59:28', '1990-11-04 16:29:55');
INSERT INTO `likes` (`id`, `from_user_id`, `entity_id`, `entity_name`, `created_at`, `updated_at`) VALUES (33, 33, 9, 'qui', '1975-11-23 10:41:46', '1994-01-19 02:07:20');
INSERT INTO `likes` (`id`, `from_user_id`, `entity_id`, `entity_name`, `created_at`, `updated_at`) VALUES (34, 34, 2, 'reiciendis', '1978-10-12 22:31:43', '1976-11-13 17:50:07');
INSERT INTO `likes` (`id`, `from_user_id`, `entity_id`, `entity_name`, `created_at`, `updated_at`) VALUES (35, 35, 7, 'qui', '1970-02-13 15:20:05', '1990-03-24 18:07:48');
INSERT INTO `likes` (`id`, `from_user_id`, `entity_id`, `entity_name`, `created_at`, `updated_at`) VALUES (36, 36, 2, 'reiciendis', '2004-08-12 03:06:49', '2001-05-03 16:51:26');
INSERT INTO `likes` (`id`, `from_user_id`, `entity_id`, `entity_name`, `created_at`, `updated_at`) VALUES (37, 37, 2, 'qui', '1987-07-13 03:23:48', '2013-08-09 12:57:45');
INSERT INTO `likes` (`id`, `from_user_id`, `entity_id`, `entity_name`, `created_at`, `updated_at`) VALUES (38, 38, 6, 'reiciendis', '2003-01-05 18:03:06', '2018-07-14 14:26:09');
INSERT INTO `likes` (`id`, `from_user_id`, `entity_id`, `entity_name`, `created_at`, `updated_at`) VALUES (39, 39, 1, 'qui', '2019-10-08 18:47:49', '1975-07-09 15:15:00');
INSERT INTO `likes` (`id`, `from_user_id`, `entity_id`, `entity_name`, `created_at`, `updated_at`) VALUES (40, 40, 8, 'reiciendis', '1988-03-02 13:43:41', '2020-12-26 22:06:59');
INSERT INTO `likes` (`id`, `from_user_id`, `entity_id`, `entity_name`, `created_at`, `updated_at`) VALUES (41, 41, 2, 'qui', '1983-08-14 17:31:18', '1984-05-16 14:59:22');
INSERT INTO `likes` (`id`, `from_user_id`, `entity_id`, `entity_name`, `created_at`, `updated_at`) VALUES (42, 42, 9, 'reiciendis', '2005-12-22 05:47:55', '1991-09-18 23:44:59');
INSERT INTO `likes` (`id`, `from_user_id`, `entity_id`, `entity_name`, `created_at`, `updated_at`) VALUES (43, 43, 3, 'qui', '1981-04-24 08:03:04', '1981-03-02 01:46:27');
INSERT INTO `likes` (`id`, `from_user_id`, `entity_id`, `entity_name`, `created_at`, `updated_at`) VALUES (44, 44, 3, 'qui', '2008-12-18 20:18:32', '1992-01-18 10:35:56');
INSERT INTO `likes` (`id`, `from_user_id`, `entity_id`, `entity_name`, `created_at`, `updated_at`) VALUES (45, 45, 7, 'reiciendis', '1983-03-29 23:34:04', '1991-09-30 17:08:13');
INSERT INTO `likes` (`id`, `from_user_id`, `entity_id`, `entity_name`, `created_at`, `updated_at`) VALUES (46, 46, 7, 'reiciendis', '2007-12-06 07:05:22', '2009-06-06 21:48:19');
INSERT INTO `likes` (`id`, `from_user_id`, `entity_id`, `entity_name`, `created_at`, `updated_at`) VALUES (47, 47, 5, 'reiciendis', '1976-07-22 17:39:15', '1972-01-24 05:54:31');
INSERT INTO `likes` (`id`, `from_user_id`, `entity_id`, `entity_name`, `created_at`, `updated_at`) VALUES (48, 48, 6, 'qui', '1993-06-05 10:26:27', '2001-07-26 07:58:58');
INSERT INTO `likes` (`id`, `from_user_id`, `entity_id`, `entity_name`, `created_at`, `updated_at`) VALUES (49, 49, 8, 'qui', '2012-11-24 03:44:18', '1998-12-21 07:51:14');
INSERT INTO `likes` (`id`, `from_user_id`, `entity_id`, `entity_name`, `created_at`, `updated_at`) VALUES (50, 50, 4, 'reiciendis', '1989-09-17 19:13:16', '1974-03-23 00:01:56');
INSERT INTO `likes` (`id`, `from_user_id`, `entity_id`, `entity_name`, `created_at`, `updated_at`) VALUES (51, 51, 9, 'reiciendis', '2019-06-08 17:14:56', '1992-12-10 16:04:50');
INSERT INTO `likes` (`id`, `from_user_id`, `entity_id`, `entity_name`, `created_at`, `updated_at`) VALUES (52, 52, 7, 'reiciendis', '2003-10-17 02:13:16', '2016-03-19 13:51:34');
INSERT INTO `likes` (`id`, `from_user_id`, `entity_id`, `entity_name`, `created_at`, `updated_at`) VALUES (53, 53, 6, 'qui', '2015-10-23 02:33:40', '1990-01-09 06:25:00');
INSERT INTO `likes` (`id`, `from_user_id`, `entity_id`, `entity_name`, `created_at`, `updated_at`) VALUES (54, 54, 1, 'reiciendis', '1971-11-06 10:40:39', '2012-02-09 23:32:00');
INSERT INTO `likes` (`id`, `from_user_id`, `entity_id`, `entity_name`, `created_at`, `updated_at`) VALUES (55, 55, 5, 'reiciendis', '2012-04-08 12:51:39', '1994-01-18 03:56:42');
INSERT INTO `likes` (`id`, `from_user_id`, `entity_id`, `entity_name`, `created_at`, `updated_at`) VALUES (56, 56, 9, 'qui', '1980-07-06 05:39:47', '2001-04-11 15:08:03');
INSERT INTO `likes` (`id`, `from_user_id`, `entity_id`, `entity_name`, `created_at`, `updated_at`) VALUES (57, 57, 1, 'reiciendis', '2021-06-04 20:11:52', '2013-07-20 23:04:22');
INSERT INTO `likes` (`id`, `from_user_id`, `entity_id`, `entity_name`, `created_at`, `updated_at`) VALUES (58, 58, 2, 'qui', '1986-07-10 23:47:50', '1995-02-14 05:10:35');
INSERT INTO `likes` (`id`, `from_user_id`, `entity_id`, `entity_name`, `created_at`, `updated_at`) VALUES (59, 59, 9, 'reiciendis', '1973-11-22 14:44:42', '2017-04-28 18:43:54');
INSERT INTO `likes` (`id`, `from_user_id`, `entity_id`, `entity_name`, `created_at`, `updated_at`) VALUES (60, 60, 2, 'qui', '2003-09-09 15:43:17', '2021-04-29 22:42:39');
INSERT INTO `likes` (`id`, `from_user_id`, `entity_id`, `entity_name`, `created_at`, `updated_at`) VALUES (61, 61, 6, 'qui', '2001-01-02 04:01:25', '2014-01-19 06:40:24');
INSERT INTO `likes` (`id`, `from_user_id`, `entity_id`, `entity_name`, `created_at`, `updated_at`) VALUES (62, 62, 2, 'qui', '2017-11-30 17:57:38', '1975-08-19 04:25:41');
INSERT INTO `likes` (`id`, `from_user_id`, `entity_id`, `entity_name`, `created_at`, `updated_at`) VALUES (63, 63, 4, 'qui', '1982-02-27 19:52:59', '1979-09-22 09:44:23');
INSERT INTO `likes` (`id`, `from_user_id`, `entity_id`, `entity_name`, `created_at`, `updated_at`) VALUES (64, 64, 2, 'qui', '1972-02-18 20:52:16', '1999-03-09 09:35:10');
INSERT INTO `likes` (`id`, `from_user_id`, `entity_id`, `entity_name`, `created_at`, `updated_at`) VALUES (65, 65, 1, 'qui', '2001-04-08 12:29:38', '2016-08-14 03:32:21');
INSERT INTO `likes` (`id`, `from_user_id`, `entity_id`, `entity_name`, `created_at`, `updated_at`) VALUES (66, 66, 5, 'reiciendis', '1971-03-20 04:56:38', '2010-06-03 02:41:19');
INSERT INTO `likes` (`id`, `from_user_id`, `entity_id`, `entity_name`, `created_at`, `updated_at`) VALUES (67, 67, 4, 'qui', '1988-03-16 14:19:31', '2008-12-20 02:04:22');
INSERT INTO `likes` (`id`, `from_user_id`, `entity_id`, `entity_name`, `created_at`, `updated_at`) VALUES (68, 68, 9, 'reiciendis', '1990-10-07 11:56:30', '1975-04-03 07:03:05');
INSERT INTO `likes` (`id`, `from_user_id`, `entity_id`, `entity_name`, `created_at`, `updated_at`) VALUES (69, 69, 2, 'qui', '2021-01-23 16:34:54', '1990-07-12 14:03:09');
INSERT INTO `likes` (`id`, `from_user_id`, `entity_id`, `entity_name`, `created_at`, `updated_at`) VALUES (70, 70, 8, 'reiciendis', '1999-05-02 20:53:50', '2017-03-10 02:31:59');
INSERT INTO `likes` (`id`, `from_user_id`, `entity_id`, `entity_name`, `created_at`, `updated_at`) VALUES (71, 71, 6, 'qui', '2017-12-24 20:38:36', '2008-01-01 18:03:35');
INSERT INTO `likes` (`id`, `from_user_id`, `entity_id`, `entity_name`, `created_at`, `updated_at`) VALUES (72, 72, 3, 'qui', '2002-10-31 06:30:33', '1987-04-05 08:57:27');
INSERT INTO `likes` (`id`, `from_user_id`, `entity_id`, `entity_name`, `created_at`, `updated_at`) VALUES (73, 73, 9, 'qui', '1984-06-12 06:30:29', '2009-11-03 03:25:20');
INSERT INTO `likes` (`id`, `from_user_id`, `entity_id`, `entity_name`, `created_at`, `updated_at`) VALUES (74, 74, 1, 'qui', '1974-05-12 16:59:36', '1971-07-20 00:35:37');
INSERT INTO `likes` (`id`, `from_user_id`, `entity_id`, `entity_name`, `created_at`, `updated_at`) VALUES (75, 75, 1, 'reiciendis', '1999-11-11 00:29:45', '1997-10-27 05:29:46');
INSERT INTO `likes` (`id`, `from_user_id`, `entity_id`, `entity_name`, `created_at`, `updated_at`) VALUES (76, 76, 4, 'qui', '2009-02-18 04:06:10', '1971-11-13 01:21:24');
INSERT INTO `likes` (`id`, `from_user_id`, `entity_id`, `entity_name`, `created_at`, `updated_at`) VALUES (77, 77, 1, 'qui', '2020-09-14 05:41:25', '2018-05-08 22:57:41');
INSERT INTO `likes` (`id`, `from_user_id`, `entity_id`, `entity_name`, `created_at`, `updated_at`) VALUES (78, 78, 2, 'qui', '2020-08-13 15:25:32', '1987-07-22 23:48:52');
INSERT INTO `likes` (`id`, `from_user_id`, `entity_id`, `entity_name`, `created_at`, `updated_at`) VALUES (79, 79, 8, 'reiciendis', '1978-07-03 19:19:42', '2009-10-03 22:27:29');
INSERT INTO `likes` (`id`, `from_user_id`, `entity_id`, `entity_name`, `created_at`, `updated_at`) VALUES (80, 80, 2, 'qui', '1998-10-03 02:25:20', '1990-12-23 01:35:20');
INSERT INTO `likes` (`id`, `from_user_id`, `entity_id`, `entity_name`, `created_at`, `updated_at`) VALUES (81, 81, 4, 'reiciendis', '1995-02-26 11:34:20', '1983-03-09 23:28:33');
INSERT INTO `likes` (`id`, `from_user_id`, `entity_id`, `entity_name`, `created_at`, `updated_at`) VALUES (82, 82, 1, 'qui', '1989-09-25 13:42:49', '1977-11-28 02:37:48');
INSERT INTO `likes` (`id`, `from_user_id`, `entity_id`, `entity_name`, `created_at`, `updated_at`) VALUES (83, 83, 4, 'qui', '2007-07-12 02:44:30', '1985-04-22 17:46:11');
INSERT INTO `likes` (`id`, `from_user_id`, `entity_id`, `entity_name`, `created_at`, `updated_at`) VALUES (84, 84, 7, 'qui', '2015-05-18 05:21:45', '1990-02-06 14:18:14');
INSERT INTO `likes` (`id`, `from_user_id`, `entity_id`, `entity_name`, `created_at`, `updated_at`) VALUES (85, 85, 3, 'qui', '2013-04-02 05:06:41', '1997-03-04 13:36:05');
INSERT INTO `likes` (`id`, `from_user_id`, `entity_id`, `entity_name`, `created_at`, `updated_at`) VALUES (86, 86, 9, 'reiciendis', '1970-12-21 03:45:59', '1978-01-05 23:39:01');
INSERT INTO `likes` (`id`, `from_user_id`, `entity_id`, `entity_name`, `created_at`, `updated_at`) VALUES (87, 87, 3, 'reiciendis', '1999-09-11 06:15:28', '1992-08-19 19:25:23');
INSERT INTO `likes` (`id`, `from_user_id`, `entity_id`, `entity_name`, `created_at`, `updated_at`) VALUES (88, 88, 2, 'qui', '1983-09-03 16:52:34', '1977-03-09 22:17:04');
INSERT INTO `likes` (`id`, `from_user_id`, `entity_id`, `entity_name`, `created_at`, `updated_at`) VALUES (89, 89, 2, 'reiciendis', '1977-03-10 09:43:49', '1994-05-21 23:29:47');
INSERT INTO `likes` (`id`, `from_user_id`, `entity_id`, `entity_name`, `created_at`, `updated_at`) VALUES (90, 90, 2, 'qui', '1996-11-13 08:48:06', '1975-05-21 08:01:08');
INSERT INTO `likes` (`id`, `from_user_id`, `entity_id`, `entity_name`, `created_at`, `updated_at`) VALUES (91, 91, 8, 'qui', '2011-06-19 01:21:53', '1999-11-29 01:50:43');
INSERT INTO `likes` (`id`, `from_user_id`, `entity_id`, `entity_name`, `created_at`, `updated_at`) VALUES (92, 92, 3, 'reiciendis', '1979-01-15 05:43:40', '1973-04-24 16:59:49');
INSERT INTO `likes` (`id`, `from_user_id`, `entity_id`, `entity_name`, `created_at`, `updated_at`) VALUES (93, 93, 2, 'reiciendis', '1993-06-04 22:35:22', '2009-03-15 03:27:53');
INSERT INTO `likes` (`id`, `from_user_id`, `entity_id`, `entity_name`, `created_at`, `updated_at`) VALUES (94, 94, 8, 'qui', '2006-05-06 07:56:06', '2007-04-20 16:44:16');
INSERT INTO `likes` (`id`, `from_user_id`, `entity_id`, `entity_name`, `created_at`, `updated_at`) VALUES (95, 95, 3, 'qui', '1996-04-01 04:59:45', '1978-04-15 10:44:30');
INSERT INTO `likes` (`id`, `from_user_id`, `entity_id`, `entity_name`, `created_at`, `updated_at`) VALUES (96, 96, 1, 'reiciendis', '2014-12-26 23:28:31', '2017-09-04 08:37:32');
INSERT INTO `likes` (`id`, `from_user_id`, `entity_id`, `entity_name`, `created_at`, `updated_at`) VALUES (97, 97, 2, 'qui', '1977-12-10 07:57:11', '1999-01-22 10:22:10');
INSERT INTO `likes` (`id`, `from_user_id`, `entity_id`, `entity_name`, `created_at`, `updated_at`) VALUES (98, 98, 3, 'reiciendis', '1979-04-17 11:10:49', '1973-04-14 17:17:20');
INSERT INTO `likes` (`id`, `from_user_id`, `entity_id`, `entity_name`, `created_at`, `updated_at`) VALUES (99, 99, 5, 'qui', '2018-10-27 20:46:35', '2005-12-05 09:38:02');
INSERT INTO `likes` (`id`, `from_user_id`, `entity_id`, `entity_name`, `created_at`, `updated_at`) VALUES (100, 100, 9, 'qui', '1995-01-26 17:47:12', '2008-10-26 15:31:34');


INSERT INTO `media_files` (`id`, `user_id`, `media_type`, `link`, `file_size`, `created_at`, `updated_at`) VALUES (1, 1, 'consequatur', 'http://grahamkuhic.com/', 93422, '2008-01-31 05:00:29', '1990-10-31 10:06:56');
INSERT INTO `media_files` (`id`, `user_id`, `media_type`, `link`, `file_size`, `created_at`, `updated_at`) VALUES (2, 2, 'mollitia', 'http://boehmrowe.com/', 0, '2018-10-09 17:01:27', '1998-02-15 23:51:18');
INSERT INTO `media_files` (`id`, `user_id`, `media_type`, `link`, `file_size`, `created_at`, `updated_at`) VALUES (3, 3, 'consequatur', 'http://www.beier.com/', 318, '1986-03-16 04:44:19', '2010-02-03 02:35:50');
INSERT INTO `media_files` (`id`, `user_id`, `media_type`, `link`, `file_size`, `created_at`, `updated_at`) VALUES (4, 4, 'mollitia', 'http://ondrickapredovic.com/', 422791266, '1982-01-20 03:24:44', '1987-12-04 08:42:23');
INSERT INTO `media_files` (`id`, `user_id`, `media_type`, `link`, `file_size`, `created_at`, `updated_at`) VALUES (5, 5, 'consequatur', 'http://www.fisherauer.com/', 9043919, '2005-04-07 13:29:48', '1984-05-08 23:22:49');
INSERT INTO `media_files` (`id`, `user_id`, `media_type`, `link`, `file_size`, `created_at`, `updated_at`) VALUES (6, 6, 'mollitia', 'http://www.flatleycormier.biz/', 643, '1996-06-08 08:54:59', '1990-06-25 10:00:51');
INSERT INTO `media_files` (`id`, `user_id`, `media_type`, `link`, `file_size`, `created_at`, `updated_at`) VALUES (7, 7, 'consequatur', 'http://nitzscherempel.com/', 29767697, '1975-09-23 22:57:21', '2020-10-30 21:37:51');
INSERT INTO `media_files` (`id`, `user_id`, `media_type`, `link`, `file_size`, `created_at`, `updated_at`) VALUES (8, 8, 'mollitia', 'http://www.emmerichstrosin.com/', 5903407, '2011-09-19 04:18:59', '2012-10-24 11:49:29');
INSERT INTO `media_files` (`id`, `user_id`, `media_type`, `link`, `file_size`, `created_at`, `updated_at`) VALUES (9, 9, 'mollitia', 'http://blandaabbott.com/', 775988, '1972-07-05 05:21:43', '2012-02-20 08:41:07');
INSERT INTO `media_files` (`id`, `user_id`, `media_type`, `link`, `file_size`, `created_at`, `updated_at`) VALUES (10, 10, 'mollitia', 'http://www.mohrmoore.com/', 44, '1983-05-29 19:02:50', '1993-01-12 14:42:08');
INSERT INTO `media_files` (`id`, `user_id`, `media_type`, `link`, `file_size`, `created_at`, `updated_at`) VALUES (11, 11, 'mollitia', 'http://www.legros.net/', 24, '1974-06-18 11:22:04', '2017-10-13 21:35:48');
INSERT INTO `media_files` (`id`, `user_id`, `media_type`, `link`, `file_size`, `created_at`, `updated_at`) VALUES (12, 12, 'consequatur', 'http://www.beckersenger.net/', 13255, '2018-07-12 06:48:07', '2003-08-11 18:48:51');
INSERT INTO `media_files` (`id`, `user_id`, `media_type`, `link`, `file_size`, `created_at`, `updated_at`) VALUES (13, 13, 'consequatur', 'http://kutchmurazik.com/', 0, '2001-06-22 13:07:10', '2010-01-15 11:25:47');
INSERT INTO `media_files` (`id`, `user_id`, `media_type`, `link`, `file_size`, `created_at`, `updated_at`) VALUES (14, 14, 'mollitia', 'http://www.bradtke.com/', 0, '2017-09-01 04:36:53', '2010-01-20 15:56:28');
INSERT INTO `media_files` (`id`, `user_id`, `media_type`, `link`, `file_size`, `created_at`, `updated_at`) VALUES (15, 15, 'mollitia', 'http://www.yost.com/', 436480176, '2016-08-15 10:22:59', '2003-06-20 19:29:43');
INSERT INTO `media_files` (`id`, `user_id`, `media_type`, `link`, `file_size`, `created_at`, `updated_at`) VALUES (16, 16, 'consequatur', 'http://www.hickle.com/', 53611, '2001-07-23 01:28:50', '2019-08-19 10:30:35');
INSERT INTO `media_files` (`id`, `user_id`, `media_type`, `link`, `file_size`, `created_at`, `updated_at`) VALUES (17, 17, 'mollitia', 'http://mills.com/', 5034573, '1983-04-09 17:29:59', '1973-07-02 04:43:02');
INSERT INTO `media_files` (`id`, `user_id`, `media_type`, `link`, `file_size`, `created_at`, `updated_at`) VALUES (18, 18, 'consequatur', 'http://www.konopelski.com/', 6603, '1976-10-11 05:08:40', '1997-03-07 22:57:08');
INSERT INTO `media_files` (`id`, `user_id`, `media_type`, `link`, `file_size`, `created_at`, `updated_at`) VALUES (19, 19, 'consequatur', 'http://mcglynn.org/', 0, '1985-02-13 08:15:29', '2010-10-13 13:44:20');
INSERT INTO `media_files` (`id`, `user_id`, `media_type`, `link`, `file_size`, `created_at`, `updated_at`) VALUES (20, 20, 'mollitia', 'http://www.hayesmetz.com/', 56, '2017-11-27 14:42:31', '2020-08-17 14:00:27');
INSERT INTO `media_files` (`id`, `user_id`, `media_type`, `link`, `file_size`, `created_at`, `updated_at`) VALUES (21, 21, 'consequatur', 'http://rosenbaum.biz/', 46, '1999-07-07 00:02:41', '2010-03-06 12:19:51');
INSERT INTO `media_files` (`id`, `user_id`, `media_type`, `link`, `file_size`, `created_at`, `updated_at`) VALUES (22, 22, 'mollitia', 'http://www.towne.net/', 333629263, '1974-06-14 00:36:04', '2019-07-27 00:17:30');
INSERT INTO `media_files` (`id`, `user_id`, `media_type`, `link`, `file_size`, `created_at`, `updated_at`) VALUES (23, 23, 'mollitia', 'http://wizabernier.biz/', 4, '2004-04-03 06:08:49', '2001-02-13 20:54:03');
INSERT INTO `media_files` (`id`, `user_id`, `media_type`, `link`, `file_size`, `created_at`, `updated_at`) VALUES (24, 24, 'mollitia', 'http://www.kshlerin.com/', 815674173, '1972-12-18 08:51:26', '1994-01-27 04:20:12');
INSERT INTO `media_files` (`id`, `user_id`, `media_type`, `link`, `file_size`, `created_at`, `updated_at`) VALUES (25, 25, 'consequatur', 'http://www.harberjacobs.com/', 6105, '1981-01-31 01:56:00', '2000-12-27 07:24:55');
INSERT INTO `media_files` (`id`, `user_id`, `media_type`, `link`, `file_size`, `created_at`, `updated_at`) VALUES (26, 26, 'mollitia', 'http://carroll.com/', 7, '1970-07-28 04:28:58', '1998-05-19 19:44:03');
INSERT INTO `media_files` (`id`, `user_id`, `media_type`, `link`, `file_size`, `created_at`, `updated_at`) VALUES (27, 27, 'consequatur', 'http://www.cruickshankbode.net/', 63, '2001-01-31 11:17:00', '2008-11-15 16:19:45');
INSERT INTO `media_files` (`id`, `user_id`, `media_type`, `link`, `file_size`, `created_at`, `updated_at`) VALUES (28, 28, 'consequatur', 'http://schaefer.com/', 3, '1991-08-02 12:36:12', '1976-11-23 16:56:09');
INSERT INTO `media_files` (`id`, `user_id`, `media_type`, `link`, `file_size`, `created_at`, `updated_at`) VALUES (29, 29, 'consequatur', 'http://www.klocko.biz/', 8205724, '1996-09-03 00:10:46', '2009-04-07 13:14:54');
INSERT INTO `media_files` (`id`, `user_id`, `media_type`, `link`, `file_size`, `created_at`, `updated_at`) VALUES (30, 30, 'consequatur', 'http://armstrongstark.org/', 598, '1970-04-19 20:53:29', '1999-06-09 11:00:48');
INSERT INTO `media_files` (`id`, `user_id`, `media_type`, `link`, `file_size`, `created_at`, `updated_at`) VALUES (31, 31, 'consequatur', 'http://kub.net/', 349, '2009-05-12 09:06:16', '2000-09-23 22:37:45');
INSERT INTO `media_files` (`id`, `user_id`, `media_type`, `link`, `file_size`, `created_at`, `updated_at`) VALUES (32, 32, 'consequatur', 'http://bayer.com/', 105003566, '1982-10-09 14:35:42', '1989-03-12 23:07:16');
INSERT INTO `media_files` (`id`, `user_id`, `media_type`, `link`, `file_size`, `created_at`, `updated_at`) VALUES (33, 33, 'consequatur', 'http://www.murazik.com/', 2514, '1997-02-07 20:11:15', '2017-11-26 04:42:31');
INSERT INTO `media_files` (`id`, `user_id`, `media_type`, `link`, `file_size`, `created_at`, `updated_at`) VALUES (34, 34, 'mollitia', 'http://kerluke.com/', 8934495, '1998-03-29 17:58:15', '1991-06-10 21:27:49');
INSERT INTO `media_files` (`id`, `user_id`, `media_type`, `link`, `file_size`, `created_at`, `updated_at`) VALUES (35, 35, 'mollitia', 'http://wolf.info/', 45163638, '1995-06-19 14:59:45', '1975-08-13 14:12:15');
INSERT INTO `media_files` (`id`, `user_id`, `media_type`, `link`, `file_size`, `created_at`, `updated_at`) VALUES (36, 36, 'consequatur', 'http://www.lynch.com/', 15170, '1996-07-06 17:29:15', '1994-10-11 16:01:30');
INSERT INTO `media_files` (`id`, `user_id`, `media_type`, `link`, `file_size`, `created_at`, `updated_at`) VALUES (37, 37, 'mollitia', 'http://www.wardcormier.net/', 0, '1981-03-05 08:13:57', '1990-10-23 20:36:56');
INSERT INTO `media_files` (`id`, `user_id`, `media_type`, `link`, `file_size`, `created_at`, `updated_at`) VALUES (38, 38, 'consequatur', 'http://king.net/', 7644179, '2021-01-19 03:14:48', '2006-08-21 09:30:49');
INSERT INTO `media_files` (`id`, `user_id`, `media_type`, `link`, `file_size`, `created_at`, `updated_at`) VALUES (39, 39, 'consequatur', 'http://murphy.net/', 0, '2000-01-13 11:03:35', '1972-05-23 13:39:30');
INSERT INTO `media_files` (`id`, `user_id`, `media_type`, `link`, `file_size`, `created_at`, `updated_at`) VALUES (40, 40, 'mollitia', 'http://www.champlin.com/', 294989135, '2008-02-04 20:00:59', '1981-09-17 17:45:31');
INSERT INTO `media_files` (`id`, `user_id`, `media_type`, `link`, `file_size`, `created_at`, `updated_at`) VALUES (41, 41, 'consequatur', 'http://johns.org/', 51, '2002-05-22 04:21:32', '1996-01-04 05:08:36');
INSERT INTO `media_files` (`id`, `user_id`, `media_type`, `link`, `file_size`, `created_at`, `updated_at`) VALUES (42, 42, 'mollitia', 'http://www.west.com/', 5580148, '1990-08-22 22:53:47', '2015-01-07 22:24:58');
INSERT INTO `media_files` (`id`, `user_id`, `media_type`, `link`, `file_size`, `created_at`, `updated_at`) VALUES (43, 43, 'mollitia', 'http://wiegand.info/', 726, '2016-03-27 18:38:57', '2000-05-23 22:37:37');
INSERT INTO `media_files` (`id`, `user_id`, `media_type`, `link`, `file_size`, `created_at`, `updated_at`) VALUES (44, 44, 'consequatur', 'http://corwinreichel.org/', 948720, '1991-02-23 17:40:49', '2018-05-05 03:57:11');
INSERT INTO `media_files` (`id`, `user_id`, `media_type`, `link`, `file_size`, `created_at`, `updated_at`) VALUES (45, 45, 'consequatur', 'http://goldnerhickle.com/', 6544, '2007-10-14 09:07:23', '1981-10-08 20:57:50');
INSERT INTO `media_files` (`id`, `user_id`, `media_type`, `link`, `file_size`, `created_at`, `updated_at`) VALUES (46, 46, 'consequatur', 'http://www.blick.com/', 2208, '2016-07-07 02:38:47', '1991-07-07 12:52:11');
INSERT INTO `media_files` (`id`, `user_id`, `media_type`, `link`, `file_size`, `created_at`, `updated_at`) VALUES (47, 47, 'mollitia', 'http://barrows.com/', 2715, '1993-11-26 04:44:00', '1989-06-28 15:51:38');
INSERT INTO `media_files` (`id`, `user_id`, `media_type`, `link`, `file_size`, `created_at`, `updated_at`) VALUES (48, 48, 'consequatur', 'http://oconnell.com/', 3897555, '1974-08-11 21:39:55', '1979-01-05 11:40:40');
INSERT INTO `media_files` (`id`, `user_id`, `media_type`, `link`, `file_size`, `created_at`, `updated_at`) VALUES (49, 49, 'mollitia', 'http://www.torphy.com/', 7915295, '1972-07-07 17:59:38', '2015-06-24 09:53:29');
INSERT INTO `media_files` (`id`, `user_id`, `media_type`, `link`, `file_size`, `created_at`, `updated_at`) VALUES (50, 50, 'mollitia', 'http://www.donnelly.info/', 5186, '2003-10-19 04:55:51', '2018-05-04 20:47:19');
INSERT INTO `media_files` (`id`, `user_id`, `media_type`, `link`, `file_size`, `created_at`, `updated_at`) VALUES (51, 51, 'mollitia', 'http://www.schaefer.net/', 5118319, '1982-10-10 08:04:01', '2012-07-18 04:18:32');
INSERT INTO `media_files` (`id`, `user_id`, `media_type`, `link`, `file_size`, `created_at`, `updated_at`) VALUES (52, 52, 'mollitia', 'http://www.okeefe.com/', 545763, '2005-06-07 18:17:09', '1982-09-07 10:06:02');
INSERT INTO `media_files` (`id`, `user_id`, `media_type`, `link`, `file_size`, `created_at`, `updated_at`) VALUES (53, 53, 'consequatur', 'http://www.davis.com/', 630886, '2001-03-12 02:46:04', '1981-11-12 13:48:22');
INSERT INTO `media_files` (`id`, `user_id`, `media_type`, `link`, `file_size`, `created_at`, `updated_at`) VALUES (54, 54, 'consequatur', 'http://www.dibbertokon.info/', 2349, '1980-05-22 08:21:57', '2017-03-13 18:18:31');
INSERT INTO `media_files` (`id`, `user_id`, `media_type`, `link`, `file_size`, `created_at`, `updated_at`) VALUES (55, 55, 'mollitia', 'http://www.corwin.com/', 4300133, '1998-07-14 21:05:35', '1993-08-17 02:57:43');
INSERT INTO `media_files` (`id`, `user_id`, `media_type`, `link`, `file_size`, `created_at`, `updated_at`) VALUES (56, 56, 'mollitia', 'http://www.legros.com/', 2936885, '2020-01-03 18:02:33', '1993-01-19 11:08:14');
INSERT INTO `media_files` (`id`, `user_id`, `media_type`, `link`, `file_size`, `created_at`, `updated_at`) VALUES (57, 57, 'consequatur', 'http://www.gottlieb.com/', 20634, '1975-08-17 12:06:48', '1972-05-14 06:13:25');
INSERT INTO `media_files` (`id`, `user_id`, `media_type`, `link`, `file_size`, `created_at`, `updated_at`) VALUES (58, 58, 'consequatur', 'http://www.klocko.com/', 8396714, '1999-05-21 04:36:04', '1976-05-21 11:15:11');
INSERT INTO `media_files` (`id`, `user_id`, `media_type`, `link`, `file_size`, `created_at`, `updated_at`) VALUES (59, 59, 'mollitia', 'http://bauch.com/', 0, '1984-02-04 07:11:35', '1982-05-23 03:40:12');
INSERT INTO `media_files` (`id`, `user_id`, `media_type`, `link`, `file_size`, `created_at`, `updated_at`) VALUES (60, 60, 'consequatur', 'http://watersyost.biz/', 0, '2008-12-06 23:04:01', '1973-09-09 21:55:54');
INSERT INTO `media_files` (`id`, `user_id`, `media_type`, `link`, `file_size`, `created_at`, `updated_at`) VALUES (61, 61, 'consequatur', 'http://www.sauerveum.net/', 70693, '1976-11-13 12:53:44', '2019-10-04 02:21:09');
INSERT INTO `media_files` (`id`, `user_id`, `media_type`, `link`, `file_size`, `created_at`, `updated_at`) VALUES (62, 62, 'consequatur', 'http://www.nienowokeefe.biz/', 390, '1992-10-14 09:28:12', '1993-05-25 14:48:06');
INSERT INTO `media_files` (`id`, `user_id`, `media_type`, `link`, `file_size`, `created_at`, `updated_at`) VALUES (63, 63, 'mollitia', 'http://ward.org/', 87, '2017-12-07 02:17:48', '2005-07-11 02:52:25');
INSERT INTO `media_files` (`id`, `user_id`, `media_type`, `link`, `file_size`, `created_at`, `updated_at`) VALUES (64, 64, 'consequatur', 'http://www.connelly.com/', 857621652, '1983-09-19 14:05:24', '1973-01-13 10:47:08');
INSERT INTO `media_files` (`id`, `user_id`, `media_type`, `link`, `file_size`, `created_at`, `updated_at`) VALUES (65, 65, 'mollitia', 'http://www.gerhold.net/', 0, '1985-09-15 20:28:35', '1982-08-12 00:07:03');
INSERT INTO `media_files` (`id`, `user_id`, `media_type`, `link`, `file_size`, `created_at`, `updated_at`) VALUES (66, 66, 'consequatur', 'http://www.cruickshank.com/', 16, '2006-11-01 14:42:47', '1984-02-15 09:37:34');
INSERT INTO `media_files` (`id`, `user_id`, `media_type`, `link`, `file_size`, `created_at`, `updated_at`) VALUES (67, 67, 'mollitia', 'http://www.rippin.com/', 14644, '2005-02-20 11:17:45', '2013-05-05 18:16:06');
INSERT INTO `media_files` (`id`, `user_id`, `media_type`, `link`, `file_size`, `created_at`, `updated_at`) VALUES (68, 68, 'consequatur', 'http://www.lockman.net/', 5, '1970-01-26 01:22:31', '2012-07-06 03:25:53');
INSERT INTO `media_files` (`id`, `user_id`, `media_type`, `link`, `file_size`, `created_at`, `updated_at`) VALUES (69, 69, 'mollitia', 'http://faheycollins.com/', 1, '1978-09-03 09:16:36', '1998-05-09 18:54:57');
INSERT INTO `media_files` (`id`, `user_id`, `media_type`, `link`, `file_size`, `created_at`, `updated_at`) VALUES (70, 70, 'mollitia', 'http://www.hoppelesch.org/', 6450, '1976-08-25 02:39:58', '1996-08-24 07:34:12');
INSERT INTO `media_files` (`id`, `user_id`, `media_type`, `link`, `file_size`, `created_at`, `updated_at`) VALUES (71, 71, 'consequatur', 'http://www.schowalterkirlin.com/', 3, '2015-11-30 10:16:46', '2020-10-14 18:18:50');
INSERT INTO `media_files` (`id`, `user_id`, `media_type`, `link`, `file_size`, `created_at`, `updated_at`) VALUES (72, 72, 'mollitia', 'http://www.fay.info/', 133653126, '2019-06-16 18:06:21', '1981-06-20 03:58:20');
INSERT INTO `media_files` (`id`, `user_id`, `media_type`, `link`, `file_size`, `created_at`, `updated_at`) VALUES (73, 73, 'consequatur', 'http://waelchi.com/', 30998, '2005-04-11 12:53:18', '1988-07-10 20:33:59');
INSERT INTO `media_files` (`id`, `user_id`, `media_type`, `link`, `file_size`, `created_at`, `updated_at`) VALUES (74, 74, 'mollitia', 'http://www.denesik.net/', 6727, '1970-08-01 22:34:33', '2008-09-16 12:52:01');
INSERT INTO `media_files` (`id`, `user_id`, `media_type`, `link`, `file_size`, `created_at`, `updated_at`) VALUES (75, 75, 'mollitia', 'http://okonbechtelar.com/', 1580, '1980-10-24 09:55:24', '1982-03-10 12:33:32');
INSERT INTO `media_files` (`id`, `user_id`, `media_type`, `link`, `file_size`, `created_at`, `updated_at`) VALUES (76, 76, 'mollitia', 'http://trompstamm.biz/', 503524, '1995-07-23 20:35:53', '1973-10-30 20:05:21');
INSERT INTO `media_files` (`id`, `user_id`, `media_type`, `link`, `file_size`, `created_at`, `updated_at`) VALUES (77, 77, 'consequatur', 'http://kling.com/', 5178, '2002-12-26 19:15:04', '2018-08-14 12:18:45');
INSERT INTO `media_files` (`id`, `user_id`, `media_type`, `link`, `file_size`, `created_at`, `updated_at`) VALUES (78, 78, 'mollitia', 'http://tromp.com/', 706902, '1993-05-02 04:44:07', '1979-12-20 22:21:35');
INSERT INTO `media_files` (`id`, `user_id`, `media_type`, `link`, `file_size`, `created_at`, `updated_at`) VALUES (79, 79, 'mollitia', 'http://cruickshankgottlieb.biz/', 9, '1982-07-26 01:42:24', '1991-09-13 06:48:53');
INSERT INTO `media_files` (`id`, `user_id`, `media_type`, `link`, `file_size`, `created_at`, `updated_at`) VALUES (80, 80, 'consequatur', 'http://schinnertorp.com/', 26799, '2013-08-07 06:22:02', '1987-10-25 02:14:49');
INSERT INTO `media_files` (`id`, `user_id`, `media_type`, `link`, `file_size`, `created_at`, `updated_at`) VALUES (81, 81, 'consequatur', 'http://hesselkshlerin.net/', 5, '1991-09-08 16:13:45', '1978-04-21 02:14:52');
INSERT INTO `media_files` (`id`, `user_id`, `media_type`, `link`, `file_size`, `created_at`, `updated_at`) VALUES (82, 82, 'mollitia', 'http://www.dicki.com/', 453326016, '2011-12-02 00:07:26', '1983-07-03 09:26:30');
INSERT INTO `media_files` (`id`, `user_id`, `media_type`, `link`, `file_size`, `created_at`, `updated_at`) VALUES (83, 83, 'mollitia', 'http://www.turner.com/', 91, '2010-04-17 14:33:25', '2004-11-15 09:41:14');
INSERT INTO `media_files` (`id`, `user_id`, `media_type`, `link`, `file_size`, `created_at`, `updated_at`) VALUES (84, 84, 'mollitia', 'http://romagueraweissnat.net/', 71, '2006-03-07 05:40:35', '2004-07-20 13:12:09');
INSERT INTO `media_files` (`id`, `user_id`, `media_type`, `link`, `file_size`, `created_at`, `updated_at`) VALUES (85, 85, 'consequatur', 'http://cartwright.biz/', 3, '2008-07-19 18:24:50', '1993-02-02 07:59:59');
INSERT INTO `media_files` (`id`, `user_id`, `media_type`, `link`, `file_size`, `created_at`, `updated_at`) VALUES (86, 86, 'mollitia', 'http://www.damoreshanahan.com/', 32254906, '2004-04-11 22:14:56', '1986-10-24 14:49:43');
INSERT INTO `media_files` (`id`, `user_id`, `media_type`, `link`, `file_size`, `created_at`, `updated_at`) VALUES (87, 87, 'mollitia', 'http://smith.org/', 4669, '2002-05-08 00:22:45', '1989-12-21 06:46:41');
INSERT INTO `media_files` (`id`, `user_id`, `media_type`, `link`, `file_size`, `created_at`, `updated_at`) VALUES (88, 88, 'consequatur', 'http://www.trompdibbert.com/', 3, '1975-03-20 16:57:32', '2012-09-19 07:52:15');
INSERT INTO `media_files` (`id`, `user_id`, `media_type`, `link`, `file_size`, `created_at`, `updated_at`) VALUES (89, 89, 'mollitia', 'http://www.renner.com/', 79, '1984-09-14 02:26:00', '1977-09-08 11:28:21');
INSERT INTO `media_files` (`id`, `user_id`, `media_type`, `link`, `file_size`, `created_at`, `updated_at`) VALUES (90, 90, 'consequatur', 'http://www.dooley.biz/', 3, '1975-12-24 06:49:08', '1994-02-15 11:33:58');
INSERT INTO `media_files` (`id`, `user_id`, `media_type`, `link`, `file_size`, `created_at`, `updated_at`) VALUES (91, 91, 'mollitia', 'http://howellstiedemann.com/', 84, '2017-02-18 01:24:14', '1989-08-21 17:16:55');
INSERT INTO `media_files` (`id`, `user_id`, `media_type`, `link`, `file_size`, `created_at`, `updated_at`) VALUES (92, 92, 'consequatur', 'http://www.osinskibraun.com/', 762835, '1979-07-12 09:53:09', '1988-02-10 05:54:44');
INSERT INTO `media_files` (`id`, `user_id`, `media_type`, `link`, `file_size`, `created_at`, `updated_at`) VALUES (93, 93, 'consequatur', 'http://balistrerispencer.com/', 67, '2017-07-16 21:54:01', '1987-06-07 23:56:41');
INSERT INTO `media_files` (`id`, `user_id`, `media_type`, `link`, `file_size`, `created_at`, `updated_at`) VALUES (94, 94, 'consequatur', 'http://www.connellymaggio.net/', 886588, '2017-10-04 02:49:19', '2001-10-20 22:52:15');
INSERT INTO `media_files` (`id`, `user_id`, `media_type`, `link`, `file_size`, `created_at`, `updated_at`) VALUES (95, 95, 'mollitia', 'http://www.veum.com/', 20902119, '1970-04-27 09:48:07', '1977-04-03 17:33:31');
INSERT INTO `media_files` (`id`, `user_id`, `media_type`, `link`, `file_size`, `created_at`, `updated_at`) VALUES (96, 96, 'consequatur', 'http://hoppe.com/', 95357, '1979-01-03 13:40:55', '2005-06-20 13:53:15');
INSERT INTO `media_files` (`id`, `user_id`, `media_type`, `link`, `file_size`, `created_at`, `updated_at`) VALUES (97, 97, 'mollitia', 'http://schuster.com/', 61992950, '1981-03-09 12:33:20', '2001-02-24 06:02:52');
INSERT INTO `media_files` (`id`, `user_id`, `media_type`, `link`, `file_size`, `created_at`, `updated_at`) VALUES (98, 98, 'consequatur', 'http://towne.com/', 0, '2011-08-19 18:35:50', '1979-11-15 21:57:36');
INSERT INTO `media_files` (`id`, `user_id`, `media_type`, `link`, `file_size`, `created_at`, `updated_at`) VALUES (99, 99, 'mollitia', 'http://lockmanwilkinson.org/', 303640, '1995-02-27 21:52:29', '2020-01-07 11:24:58');
INSERT INTO `media_files` (`id`, `user_id`, `media_type`, `link`, `file_size`, `created_at`, `updated_at`) VALUES (100, 100, 'consequatur', 'http://fahey.org/', 48628, '1980-11-20 11:46:11', '2019-06-05 00:01:20');


INSERT INTO `media_types` (`name`) VALUES ('consequatur');
INSERT INTO `media_types` (`name`) VALUES ('mollitia');


INSERT INTO `messages` (`id`, `from_user_id`, `to_user_id`, `message_header`, `message_body`, `sent_flag`, `recieved_flag`, `edited_flag`, `created_at`, `updated_at`) VALUES (1, 1, 1, 'Explicabo et optio omnis voluptas. Tempora sint accusantium quam veritatis. Reiciendis fugiat nostrum corporis quisquam.', 'Et quibusdam repudiandae qui. Adipisci ipsam voluptas minus adipisci accusamus quia. Nihil eligendi rerum aperiam quo corrupti est. Libero adipisci facilis labore magnam repellat.', 0, 0, 0, '2014-04-24 09:24:53', '1989-01-04 19:39:34');
INSERT INTO `messages` (`id`, `from_user_id`, `to_user_id`, `message_header`, `message_body`, `sent_flag`, `recieved_flag`, `edited_flag`, `created_at`, `updated_at`) VALUES (2, 2, 2, 'Maiores quod ea esse veniam similique aut. Vitae officia quidem dolores. Quidem magni et quae quos. Qui doloremque quo nam tempore quasi quae corrupti ut.', 'Recusandae labore dignissimos recusandae enim beatae molestiae consectetur autem. Voluptatem ab recusandae in repellendus distinctio. Voluptates illo dolore architecto ducimus est.', 0, 0, 0, '1986-10-28 15:46:57', '2002-09-09 03:06:08');
INSERT INTO `messages` (`id`, `from_user_id`, `to_user_id`, `message_header`, `message_body`, `sent_flag`, `recieved_flag`, `edited_flag`, `created_at`, `updated_at`) VALUES (3, 3, 3, 'Enim aut eum repudiandae dolore ullam sed. Voluptatibus et quo dicta consequatur facere. Quia fugiat in deserunt fugit qui maiores.', 'Quis quae tempora ullam et sint nobis repellendus eos. Blanditiis amet necessitatibus sit voluptatem commodi asperiores iure.', 0, 0, 0, '1978-12-08 21:15:25', '2004-06-26 16:08:00');
INSERT INTO `messages` (`id`, `from_user_id`, `to_user_id`, `message_header`, `message_body`, `sent_flag`, `recieved_flag`, `edited_flag`, `created_at`, `updated_at`) VALUES (4, 4, 4, 'Harum mollitia ullam culpa omnis. Inventore sint deleniti deleniti corporis consectetur. Animi explicabo vel deserunt enim.', 'Non molestias veniam non dolores commodi quia hic. Nihil voluptatibus et accusamus pariatur. Soluta facere ab magni fugiat odit.', 0, 0, 0, '2002-12-14 13:33:50', '2011-05-05 04:18:55');
INSERT INTO `messages` (`id`, `from_user_id`, `to_user_id`, `message_header`, `message_body`, `sent_flag`, `recieved_flag`, `edited_flag`, `created_at`, `updated_at`) VALUES (5, 5, 5, 'Repudiandae a rerum optio unde. Non rem harum amet dignissimos voluptas hic. Iure commodi voluptate facilis. Dolores error illum omnis rerum magni impedit non.', 'Sint saepe nihil aut beatae earum a in. Repellendus voluptas molestiae sapiente deleniti dicta ipsam. Praesentium numquam dolor non dolorem optio quos necessitatibus.', 0, 0, 0, '1988-12-17 00:02:09', '2011-05-31 12:07:50');
INSERT INTO `messages` (`id`, `from_user_id`, `to_user_id`, `message_header`, `message_body`, `sent_flag`, `recieved_flag`, `edited_flag`, `created_at`, `updated_at`) VALUES (6, 6, 6, 'Laboriosam nihil perspiciatis est. Odit id nulla aut. Officiis laborum autem est ut aut rerum unde.', 'Fugiat quasi alias sed est. Velit qui voluptatum deleniti aperiam aut excepturi culpa. Veniam impedit ab at vel et quaerat molestiae voluptates. Eveniet quia expedita repellat dignissimos.', 0, 0, 0, '1994-03-06 08:50:05', '1974-09-10 03:48:16');
INSERT INTO `messages` (`id`, `from_user_id`, `to_user_id`, `message_header`, `message_body`, `sent_flag`, `recieved_flag`, `edited_flag`, `created_at`, `updated_at`) VALUES (7, 7, 7, 'Neque ipsam eius et sed. Dolorum dolorum maiores consequatur dolores quia repellendus. Maxime adipisci id et modi. Mollitia consequatur et eos id.', 'Pariatur aliquam asperiores a dolor ullam dolorem earum. Sunt aut eveniet voluptatem quae. Expedita quo corporis quasi ullam id.', 0, 0, 0, '2006-01-03 11:27:13', '1973-12-12 22:39:19');
INSERT INTO `messages` (`id`, `from_user_id`, `to_user_id`, `message_header`, `message_body`, `sent_flag`, `recieved_flag`, `edited_flag`, `created_at`, `updated_at`) VALUES (8, 8, 8, 'Adipisci magni nesciunt recusandae tempora quasi ipsa soluta. Laudantium omnis recusandae nam est praesentium. Similique iste eveniet accusantium fugit nihil autem. Labore impedit maiores omnis est quibusdam.', 'Vel dolorum sit ducimus quam. Harum modi enim eligendi ut iste quod. Velit illum libero qui molestias asperiores veritatis alias.', 0, 0, 0, '1989-12-02 12:05:00', '2002-01-03 15:40:12');
INSERT INTO `messages` (`id`, `from_user_id`, `to_user_id`, `message_header`, `message_body`, `sent_flag`, `recieved_flag`, `edited_flag`, `created_at`, `updated_at`) VALUES (9, 9, 9, 'Sapiente non fuga illo ut sit deleniti voluptatem aliquam. Sequi qui quia fugit exercitationem ratione est quibusdam. Odio optio natus voluptas corrupti ea eligendi qui. Quod voluptatem quam rerum ab. Unde officia aliquam rerum sequi ex iure.', 'Rerum nisi nihil dolor deserunt delectus. Voluptas doloribus molestiae vero ab itaque voluptatum nihil. Minus et vel totam in voluptas. Beatae est distinctio cupiditate sunt.', 0, 0, 0, '1998-07-28 02:35:03', '2013-04-04 07:46:38');
INSERT INTO `messages` (`id`, `from_user_id`, `to_user_id`, `message_header`, `message_body`, `sent_flag`, `recieved_flag`, `edited_flag`, `created_at`, `updated_at`) VALUES (10, 10, 10, 'Quis magni ut laboriosam sed. In sit fugit praesentium optio ratione similique. Illo sed beatae consequatur rerum.', 'Dolorem debitis assumenda sint nemo. Dolor doloremque totam enim. Iste dolore molestiae culpa at eaque.', 0, 0, 0, '1975-07-30 13:24:26', '2011-06-17 05:20:40');
INSERT INTO `messages` (`id`, `from_user_id`, `to_user_id`, `message_header`, `message_body`, `sent_flag`, `recieved_flag`, `edited_flag`, `created_at`, `updated_at`) VALUES (11, 11, 11, 'Adipisci enim est ut aspernatur sunt est consequatur officia. Fugiat vel qui voluptatem vel magnam. Excepturi odit quo dicta aliquid quia numquam voluptate. Inventore qui veritatis minima.', 'Vel perspiciatis esse qui. Eos libero quam omnis soluta nemo perspiciatis. Molestiae ea et reprehenderit temporibus laboriosam in. Eveniet fugit ea aut distinctio.', 0, 0, 0, '2001-09-02 22:56:49', '2015-08-29 04:40:56');
INSERT INTO `messages` (`id`, `from_user_id`, `to_user_id`, `message_header`, `message_body`, `sent_flag`, `recieved_flag`, `edited_flag`, `created_at`, `updated_at`) VALUES (12, 12, 12, 'Assumenda nisi et impedit alias sunt. Illum quam quibusdam temporibus corrupti molestiae libero. Necessitatibus maxime itaque amet. Soluta minus itaque sint impedit est eum.', 'Eos facilis autem sit accusantium ipsam iure. Reprehenderit nostrum illum nulla non consequatur consequatur. Natus accusamus ut dolores omnis.', 0, 0, 0, '1995-06-08 21:38:22', '1981-09-03 19:49:38');
INSERT INTO `messages` (`id`, `from_user_id`, `to_user_id`, `message_header`, `message_body`, `sent_flag`, `recieved_flag`, `edited_flag`, `created_at`, `updated_at`) VALUES (13, 13, 13, 'Tempore rerum distinctio temporibus adipisci. Sapiente beatae dolor atque in laudantium quidem qui. Sequi nisi ab optio officiis. Sint minima sequi similique quam at et.', 'Fugiat quod magni facilis. Et eveniet earum commodi eos corrupti. Nisi a sint incidunt. Non adipisci tempore tempora quam ut velit unde.', 0, 0, 0, '2020-01-13 00:43:28', '2017-10-03 19:12:23');
INSERT INTO `messages` (`id`, `from_user_id`, `to_user_id`, `message_header`, `message_body`, `sent_flag`, `recieved_flag`, `edited_flag`, `created_at`, `updated_at`) VALUES (14, 14, 14, 'Laudantium et sit laborum et debitis. Omnis labore voluptate optio harum placeat rerum voluptatem. Dolor beatae ea quis ut. Hic laboriosam et iste consequatur sed.', 'Neque aliquam perspiciatis fugiat magni quia ipsa omnis tempore. Et repudiandae qui necessitatibus esse laborum voluptas autem. Tempore aut eos adipisci sed nesciunt molestiae. Et eos reiciendis maiores eius unde debitis quibusdam.', 0, 0, 0, '2008-05-02 23:38:23', '1996-09-14 00:33:33');
INSERT INTO `messages` (`id`, `from_user_id`, `to_user_id`, `message_header`, `message_body`, `sent_flag`, `recieved_flag`, `edited_flag`, `created_at`, `updated_at`) VALUES (15, 15, 15, 'Nisi a nihil alias et minus. Vero sequi veniam quaerat tenetur et illo ut. Hic recusandae ab ad ducimus.', 'Reiciendis qui nisi consequuntur quia et. Dolores ut adipisci error nihil et rerum ducimus.', 0, 0, 0, '2004-03-03 17:41:28', '1983-11-02 01:07:21');
INSERT INTO `messages` (`id`, `from_user_id`, `to_user_id`, `message_header`, `message_body`, `sent_flag`, `recieved_flag`, `edited_flag`, `created_at`, `updated_at`) VALUES (16, 16, 16, 'Voluptatem illo nihil inventore commodi sint voluptatem officiis. Qui minima sunt qui sint officia doloremque et. Rem neque accusantium omnis facere cum et. Doloribus autem minus fuga consequatur sapiente minus eius.', 'Quae repellendus aut itaque dolorem ex perferendis molestias. Quis nostrum nobis fugit asperiores deserunt aut commodi delectus. Omnis voluptatem ipsum quasi quia. Eum magni enim sit.', 0, 0, 0, '1971-09-12 09:20:48', '1982-09-20 19:45:20');
INSERT INTO `messages` (`id`, `from_user_id`, `to_user_id`, `message_header`, `message_body`, `sent_flag`, `recieved_flag`, `edited_flag`, `created_at`, `updated_at`) VALUES (17, 17, 17, 'Ratione error reprehenderit et esse molestiae iure necessitatibus et. Minima nisi ut fugiat vel. At voluptas incidunt nihil. Distinctio ab distinctio quam repudiandae.', 'Sit ullam qui ut eligendi placeat labore. Consequuntur quia quam incidunt quia praesentium voluptas. Fugiat commodi quaerat et sint adipisci non pariatur ex.', 0, 0, 0, '1999-05-14 17:30:02', '2012-06-06 16:02:57');
INSERT INTO `messages` (`id`, `from_user_id`, `to_user_id`, `message_header`, `message_body`, `sent_flag`, `recieved_flag`, `edited_flag`, `created_at`, `updated_at`) VALUES (18, 18, 18, 'Eos et voluptas totam autem. Adipisci magnam voluptas suscipit impedit aut consequuntur. Facilis ut aperiam illum aut enim. Ut quia illo dicta deleniti nihil quia est consequuntur.', 'Incidunt dolorum et inventore eos eos iusto. Consequatur quia quod provident ex tempora dicta temporibus est. Occaecati dignissimos placeat mollitia reiciendis. Quasi sit aut fugit ratione.', 0, 0, 0, '2019-10-03 17:47:02', '1992-08-03 02:53:19');
INSERT INTO `messages` (`id`, `from_user_id`, `to_user_id`, `message_header`, `message_body`, `sent_flag`, `recieved_flag`, `edited_flag`, `created_at`, `updated_at`) VALUES (19, 19, 19, 'Placeat sit esse tenetur corrupti deserunt doloribus in. Eos qui est et maxime voluptatem cumque fugiat et. Nobis iure eaque dolore dignissimos.', 'Ab aspernatur odio quis odit autem aliquam. Soluta minima eius aperiam accusantium nihil a. Reprehenderit ut quos consequuntur perspiciatis tempora.', 0, 0, 0, '2011-03-31 08:51:49', '1977-04-23 14:39:05');
INSERT INTO `messages` (`id`, `from_user_id`, `to_user_id`, `message_header`, `message_body`, `sent_flag`, `recieved_flag`, `edited_flag`, `created_at`, `updated_at`) VALUES (20, 20, 20, 'Et temporibus doloribus unde fugiat esse rerum consequatur. Fugiat eos illo minima nulla. Odit totam sint in rerum ea nulla. Consequuntur recusandae facere esse cupiditate eaque laborum.', 'Omnis enim velit optio in. Sequi dolor id in non consequatur ut qui. Velit ut ex modi commodi voluptatem.', 0, 0, 0, '1985-01-27 05:21:30', '1997-10-30 13:58:16');
INSERT INTO `messages` (`id`, `from_user_id`, `to_user_id`, `message_header`, `message_body`, `sent_flag`, `recieved_flag`, `edited_flag`, `created_at`, `updated_at`) VALUES (21, 21, 21, 'Voluptatem similique repellat velit ullam iste soluta. Ex saepe in amet perferendis vel.', 'Saepe ratione magnam molestiae fuga modi exercitationem. Sint voluptatibus reiciendis perferendis sapiente cumque optio provident praesentium. Cumque quaerat ut quisquam pariatur cumque.', 0, 0, 0, '1978-04-26 23:27:12', '1993-04-29 00:17:42');
INSERT INTO `messages` (`id`, `from_user_id`, `to_user_id`, `message_header`, `message_body`, `sent_flag`, `recieved_flag`, `edited_flag`, `created_at`, `updated_at`) VALUES (22, 22, 22, 'Qui eius minima ab eum. Voluptas quos velit ducimus voluptates ea at sed. Officia aut sunt repudiandae eum.', 'Sapiente provident dolorem asperiores soluta qui debitis est. Porro hic esse sed distinctio non voluptatibus. Ut debitis adipisci adipisci cupiditate eum aut dolorum quo.', 0, 0, 0, '1977-04-30 18:39:07', '1973-10-09 20:17:42');
INSERT INTO `messages` (`id`, `from_user_id`, `to_user_id`, `message_header`, `message_body`, `sent_flag`, `recieved_flag`, `edited_flag`, `created_at`, `updated_at`) VALUES (23, 23, 23, 'Eveniet at nesciunt esse repellendus id rerum. Nihil neque voluptatem velit amet soluta enim ad. Voluptas itaque ad quasi minus. Rerum assumenda repellat autem.', 'Nostrum sit perferendis odio sed doloremque voluptatem nemo. Aut sint ullam quasi pariatur consequatur at dolores perspiciatis. Maiores quae impedit deserunt ipsum.', 0, 0, 0, '1993-11-13 03:47:17', '1984-06-27 05:09:42');
INSERT INTO `messages` (`id`, `from_user_id`, `to_user_id`, `message_header`, `message_body`, `sent_flag`, `recieved_flag`, `edited_flag`, `created_at`, `updated_at`) VALUES (24, 24, 24, 'Voluptates est laboriosam sit amet labore ipsam. Minus eum eveniet eos. Ratione quia voluptatum vero est delectus deleniti necessitatibus. Quo vel voluptas enim et qui aut consequatur impedit.', 'Sit quia doloribus inventore doloremque fugiat. Quam voluptatum eaque porro inventore laboriosam placeat ex. Repellat maxime non odit non reprehenderit. Consequatur et magnam enim voluptas adipisci sed animi.', 0, 0, 0, '2020-10-02 02:51:12', '1983-03-04 14:13:26');
INSERT INTO `messages` (`id`, `from_user_id`, `to_user_id`, `message_header`, `message_body`, `sent_flag`, `recieved_flag`, `edited_flag`, `created_at`, `updated_at`) VALUES (25, 25, 25, 'Dolor est vel tempora cum dolorem illo iusto. Ipsum sed aliquam sed ipsam necessitatibus qui consequatur accusantium. Doloribus explicabo eos consequatur fugiat blanditiis delectus aliquam. Laborum rem mollitia enim.', 'In id excepturi accusamus enim error odio. Occaecati odio quasi necessitatibus eius deleniti velit minima. Non quis et aut assumenda ut distinctio animi. Similique cum est nobis ducimus.', 0, 0, 0, '1987-04-03 06:22:40', '2018-12-20 13:56:07');
INSERT INTO `messages` (`id`, `from_user_id`, `to_user_id`, `message_header`, `message_body`, `sent_flag`, `recieved_flag`, `edited_flag`, `created_at`, `updated_at`) VALUES (26, 26, 26, 'Officiis porro dicta inventore ut laudantium distinctio ea. Et eos optio laborum consequatur praesentium delectus. Quis deserunt esse assumenda. Et sit repellendus odit amet quidem illum sunt.', 'Fugit sapiente exercitationem velit id molestias. Quidem dolorum commodi unde sit distinctio et explicabo. Et iste ut quia molestiae temporibus distinctio. Nemo ut aut quam magnam rerum suscipit.', 0, 0, 0, '1970-12-18 20:36:47', '1986-04-09 05:00:38');
INSERT INTO `messages` (`id`, `from_user_id`, `to_user_id`, `message_header`, `message_body`, `sent_flag`, `recieved_flag`, `edited_flag`, `created_at`, `updated_at`) VALUES (27, 27, 27, 'Dolorem tempore et atque accusamus totam quia inventore nesciunt. Et omnis ut autem. Aliquid facere ducimus eum.', 'Qui quisquam laborum omnis cupiditate adipisci ea. Amet odit ipsum aut et veniam mollitia necessitatibus. Rerum quibusdam cum adipisci consequuntur. Nesciunt rem omnis ut inventore dolorum vitae fugiat.', 0, 0, 0, '2007-02-20 09:12:07', '2019-03-25 01:26:17');
INSERT INTO `messages` (`id`, `from_user_id`, `to_user_id`, `message_header`, `message_body`, `sent_flag`, `recieved_flag`, `edited_flag`, `created_at`, `updated_at`) VALUES (28, 28, 28, 'Eius iusto in ut. Quia rem aut esse iste occaecati dolores. Ut et explicabo rerum quae.', 'Voluptates magnam odio ea reprehenderit reprehenderit totam aut. Quod qui ut sint ut. Similique est aut iste consequuntur in. Eos et assumenda dicta nostrum.', 0, 0, 0, '1976-11-07 06:49:05', '1999-02-14 07:23:51');
INSERT INTO `messages` (`id`, `from_user_id`, `to_user_id`, `message_header`, `message_body`, `sent_flag`, `recieved_flag`, `edited_flag`, `created_at`, `updated_at`) VALUES (29, 29, 29, 'Deleniti dolorem animi similique. Excepturi omnis numquam laudantium id porro consequatur. Impedit molestiae nam eligendi voluptatem molestiae.', 'Quo nulla dicta ut molestias qui nihil. Voluptatum architecto aliquam vel itaque enim. Omnis neque dolor nostrum cupiditate aut illo nam. Dicta sit non atque ad.', 0, 0, 0, '1991-11-23 13:29:28', '1984-04-25 01:17:46');
INSERT INTO `messages` (`id`, `from_user_id`, `to_user_id`, `message_header`, `message_body`, `sent_flag`, `recieved_flag`, `edited_flag`, `created_at`, `updated_at`) VALUES (30, 30, 30, 'Harum rem quam id quod non non nemo. Autem ut soluta pariatur ratione sed porro non. Voluptas nam voluptas consequatur fuga officia totam esse. Aut laboriosam ea alias tempore earum.', 'Dicta ad veniam mollitia eaque sed. Id culpa eius nam et quia. Esse aut consectetur vel perferendis qui eum.', 0, 0, 0, '2020-04-08 22:32:52', '1972-02-03 10:03:21');
INSERT INTO `messages` (`id`, `from_user_id`, `to_user_id`, `message_header`, `message_body`, `sent_flag`, `recieved_flag`, `edited_flag`, `created_at`, `updated_at`) VALUES (31, 31, 31, 'Cumque quo odit a ut. Fugiat reprehenderit aperiam voluptas modi deserunt. Quidem autem harum enim quaerat quasi.', 'Magni enim est doloribus est officiis esse quia voluptas. Fugiat eveniet earum hic rerum quos fuga quibusdam. Provident ea fugit sit molestias molestias rem possimus. Quia earum provident nostrum blanditiis numquam et corporis. Consequatur aspernatur modi velit quis ea optio fugiat sed.', 0, 0, 0, '1998-08-17 09:45:12', '2019-01-03 04:21:36');
INSERT INTO `messages` (`id`, `from_user_id`, `to_user_id`, `message_header`, `message_body`, `sent_flag`, `recieved_flag`, `edited_flag`, `created_at`, `updated_at`) VALUES (32, 32, 32, 'Ut molestias consequatur hic deserunt voluptas voluptates doloremque. Sint nesciunt ut veniam neque neque quisquam.', 'Consectetur corporis consectetur voluptatem. Fugiat debitis nesciunt mollitia quia aut consectetur. Maiores impedit quia adipisci eos voluptatem dolor numquam. Odio ad sapiente rerum itaque dolorum.', 0, 0, 0, '1971-03-19 03:02:53', '2012-06-29 21:23:57');
INSERT INTO `messages` (`id`, `from_user_id`, `to_user_id`, `message_header`, `message_body`, `sent_flag`, `recieved_flag`, `edited_flag`, `created_at`, `updated_at`) VALUES (33, 33, 33, 'Est ea amet odio quas consequatur tempore sed voluptatem. Iure doloribus delectus sed ut quisquam omnis. Aliquid laudantium consequatur in velit quia adipisci.', 'Eos commodi quia aliquam. Laborum sapiente earum accusantium tempora quae rerum natus voluptatem. Quia reiciendis et tempora necessitatibus. Accusamus dolor temporibus aliquam occaecati harum corrupti quaerat.', 0, 0, 0, '1974-09-09 22:53:43', '2002-06-10 02:50:50');
INSERT INTO `messages` (`id`, `from_user_id`, `to_user_id`, `message_header`, `message_body`, `sent_flag`, `recieved_flag`, `edited_flag`, `created_at`, `updated_at`) VALUES (34, 34, 34, 'Ut voluptatum consequatur et enim itaque quia voluptatum. Tempore voluptas ut est eum nihil. Doloribus sit nisi assumenda doloribus omnis autem.', 'Sint non aut numquam doloribus est. Nulla quasi dolores unde assumenda. Ut id ea pariatur voluptatem. Dolores autem itaque nisi ipsam et. Enim aut voluptas sed sit modi explicabo sint veniam.', 0, 0, 0, '2007-11-06 03:03:52', '1997-06-25 06:28:24');
INSERT INTO `messages` (`id`, `from_user_id`, `to_user_id`, `message_header`, `message_body`, `sent_flag`, `recieved_flag`, `edited_flag`, `created_at`, `updated_at`) VALUES (35, 35, 35, 'Velit quas in quod quas quod ut ratione nesciunt. Quas reprehenderit id earum omnis blanditiis. Quia praesentium cumque quidem placeat eum. Enim nobis nulla excepturi tempore debitis itaque repudiandae.', 'Recusandae officia magni est est. Aspernatur non natus sed doloribus. Cum ut quibusdam omnis reiciendis. Iste voluptas dignissimos et aut ea.', 0, 0, 0, '1986-09-28 20:02:44', '2016-10-14 01:19:49');
INSERT INTO `messages` (`id`, `from_user_id`, `to_user_id`, `message_header`, `message_body`, `sent_flag`, `recieved_flag`, `edited_flag`, `created_at`, `updated_at`) VALUES (36, 36, 36, 'Ducimus earum earum ut nulla qui sunt. Veniam aliquid hic eius ratione impedit. Aut veniam consequatur nihil eos nostrum perspiciatis et. Pariatur sequi debitis possimus repudiandae.', 'Fugiat assumenda voluptatem ipsam. Et sint est perspiciatis voluptatibus sint eius quia. Aperiam blanditiis error aperiam quasi voluptatem est.', 0, 0, 0, '2000-02-19 00:51:44', '1971-02-05 14:40:53');
INSERT INTO `messages` (`id`, `from_user_id`, `to_user_id`, `message_header`, `message_body`, `sent_flag`, `recieved_flag`, `edited_flag`, `created_at`, `updated_at`) VALUES (37, 37, 37, 'Suscipit aut nobis et tempora quibusdam. Ipsa aut est sunt ut veniam eaque.', 'Voluptas sequi qui non. Rerum alias odio quaerat quasi ducimus. Sit dolor sed omnis tempore. Reiciendis quia eos quia vero voluptate laborum. Impedit occaecati qui aut ipsum.', 0, 0, 0, '1984-03-30 05:39:35', '2017-11-02 00:42:39');
INSERT INTO `messages` (`id`, `from_user_id`, `to_user_id`, `message_header`, `message_body`, `sent_flag`, `recieved_flag`, `edited_flag`, `created_at`, `updated_at`) VALUES (38, 38, 38, 'Voluptatum debitis unde alias recusandae voluptas. Aut error ex necessitatibus vel. Vero qui quas et. Voluptas alias quis possimus incidunt aut accusantium.', 'Ab perferendis consequatur magnam temporibus perspiciatis similique. Qui est ut occaecati ut nesciunt rerum est. Nostrum impedit et et dolor id eveniet neque autem. Ullam quis aut modi veniam ipsa sit sequi. Voluptatem blanditiis cum ut.', 0, 0, 0, '1987-04-26 00:25:38', '1990-10-23 06:50:10');
INSERT INTO `messages` (`id`, `from_user_id`, `to_user_id`, `message_header`, `message_body`, `sent_flag`, `recieved_flag`, `edited_flag`, `created_at`, `updated_at`) VALUES (39, 39, 39, 'Quibusdam nihil non quam ut exercitationem. Veniam quisquam saepe voluptates quae aperiam ad aut. Quidem dolor qui consequatur maxime quo enim necessitatibus. Sapiente est qui eaque tempore.', 'Reiciendis quas iure ea ducimus doloribus. Nobis non quae officia quia tempore quam. Mollitia repellendus est voluptate laudantium eos.', 0, 0, 0, '2015-06-10 14:31:57', '1984-07-26 14:15:46');
INSERT INTO `messages` (`id`, `from_user_id`, `to_user_id`, `message_header`, `message_body`, `sent_flag`, `recieved_flag`, `edited_flag`, `created_at`, `updated_at`) VALUES (40, 40, 40, 'Et dolor illo ea recusandae reprehenderit illo. Enim autem quae sed culpa. Adipisci accusantium omnis unde vel qui et. Quo consequuntur quia quod iusto.', 'Omnis ut quasi sed illo saepe. Consequatur ullam atque nam mollitia quia aut. Molestiae quia culpa quam officia iure asperiores. Molestiae soluta ut debitis id molestiae.', 0, 0, 0, '1982-01-16 17:27:16', '2001-11-22 04:15:24');
INSERT INTO `messages` (`id`, `from_user_id`, `to_user_id`, `message_header`, `message_body`, `sent_flag`, `recieved_flag`, `edited_flag`, `created_at`, `updated_at`) VALUES (41, 41, 41, 'Unde delectus et architecto placeat. Dignissimos aut omnis omnis repellat. Non modi minus molestiae doloribus nam. Velit et non ut vero voluptas.', 'Iste quasi ea nesciunt vero dolorum dolor. Quos aut quas ea nihil at deserunt amet autem. Et dolor consequatur beatae cumque optio odio. Rerum earum libero id velit.', 0, 0, 0, '2009-03-30 05:25:24', '1991-03-19 06:51:47');
INSERT INTO `messages` (`id`, `from_user_id`, `to_user_id`, `message_header`, `message_body`, `sent_flag`, `recieved_flag`, `edited_flag`, `created_at`, `updated_at`) VALUES (42, 42, 42, 'Aperiam sunt fuga corporis vel corrupti vel autem. Magnam dolore eligendi eos. Quia molestiae mollitia inventore nostrum aut veniam eum aliquid. Sed numquam sint repudiandae aliquid ea consequatur est.', 'Qui consequatur quaerat sit beatae explicabo nam eveniet. Cum ducimus modi eaque modi voluptas. Molestiae voluptatem consequuntur sit inventore repellendus velit culpa. Sint nihil assumenda incidunt qui sit esse et.', 0, 0, 0, '2017-06-26 06:34:49', '1980-03-13 23:12:16');
INSERT INTO `messages` (`id`, `from_user_id`, `to_user_id`, `message_header`, `message_body`, `sent_flag`, `recieved_flag`, `edited_flag`, `created_at`, `updated_at`) VALUES (43, 43, 43, 'Iure esse in et est et. Nostrum consectetur aliquam tempora repellendus tempora facere quis. Qui quasi alias vitae id aut harum.', 'Sunt consequatur quos qui expedita sunt quia. Consequatur animi officia quam esse nulla amet. Vel earum ut quae inventore.', 0, 0, 0, '2020-01-13 22:15:05', '1993-04-04 23:24:41');
INSERT INTO `messages` (`id`, `from_user_id`, `to_user_id`, `message_header`, `message_body`, `sent_flag`, `recieved_flag`, `edited_flag`, `created_at`, `updated_at`) VALUES (44, 44, 44, 'Inventore delectus ut ipsa reiciendis architecto maiores. Esse earum quod ab. Ut dolore quos iusto dolorem assumenda quia. Numquam sunt cumque non porro fuga est.', 'Tenetur laborum et nobis et culpa quia. Corporis voluptas harum vel mollitia cumque fugit. Adipisci quae voluptatem ut esse enim.', 0, 0, 0, '2011-01-01 02:32:47', '1990-10-11 13:46:56');
INSERT INTO `messages` (`id`, `from_user_id`, `to_user_id`, `message_header`, `message_body`, `sent_flag`, `recieved_flag`, `edited_flag`, `created_at`, `updated_at`) VALUES (45, 45, 45, 'Minima nihil exercitationem sunt voluptatem earum. Et tempora earum facilis id odit. Porro similique sint tempora fuga.', 'Ad porro mollitia quia qui iste ratione dolor. Eaque vitae voluptate sed voluptatem et. Aperiam est enim amet vero.', 0, 0, 0, '1973-03-15 07:44:50', '2010-07-14 13:48:36');
INSERT INTO `messages` (`id`, `from_user_id`, `to_user_id`, `message_header`, `message_body`, `sent_flag`, `recieved_flag`, `edited_flag`, `created_at`, `updated_at`) VALUES (46, 46, 46, 'Asperiores omnis facere possimus saepe qui atque commodi maiores. Cumque occaecati et non ea. Mollitia est eum facere consequatur laborum aut et. Facere qui necessitatibus aperiam ea non placeat.', 'Dolores hic dolorem dolor fugiat sequi error et. Quaerat nihil iste autem magnam veritatis est. Eaque rerum ut est.', 0, 0, 0, '2001-11-16 16:14:07', '1985-06-10 04:12:18');
INSERT INTO `messages` (`id`, `from_user_id`, `to_user_id`, `message_header`, `message_body`, `sent_flag`, `recieved_flag`, `edited_flag`, `created_at`, `updated_at`) VALUES (47, 47, 47, 'Voluptatem in cumque quibusdam ea incidunt. Minima magni quo qui ut consequatur consectetur voluptas facilis. Ea voluptas maxime voluptate ut velit voluptatem omnis.', 'Debitis non sunt non. Voluptates est aut eum veritatis quibusdam. Sed nobis omnis quod error iusto.', 0, 0, 0, '1973-11-16 02:26:18', '2006-02-05 08:03:48');
INSERT INTO `messages` (`id`, `from_user_id`, `to_user_id`, `message_header`, `message_body`, `sent_flag`, `recieved_flag`, `edited_flag`, `created_at`, `updated_at`) VALUES (48, 48, 48, 'Minima explicabo praesentium soluta excepturi quas similique voluptas. Atque quia dolor atque ut aut doloremque. Illo et veritatis consequuntur doloremque quia voluptates ea natus.', 'Quos eum consequatur eaque temporibus. Autem et ut quam distinctio at fugiat.', 0, 0, 0, '2020-12-04 08:45:11', '2014-08-01 00:28:10');
INSERT INTO `messages` (`id`, `from_user_id`, `to_user_id`, `message_header`, `message_body`, `sent_flag`, `recieved_flag`, `edited_flag`, `created_at`, `updated_at`) VALUES (49, 49, 49, 'Explicabo qui eligendi consequatur et. Dicta recusandae rem fugiat voluptas dolorum. Sed sunt nihil magni eligendi nulla quia.', 'Et est ipsa dolor laudantium sunt et aut. Excepturi animi amet ut debitis. Nihil corporis sed dolor ducimus et non sit.', 0, 0, 0, '1995-05-11 19:35:56', '1997-01-16 01:12:32');
INSERT INTO `messages` (`id`, `from_user_id`, `to_user_id`, `message_header`, `message_body`, `sent_flag`, `recieved_flag`, `edited_flag`, `created_at`, `updated_at`) VALUES (50, 50, 50, 'Debitis inventore itaque totam doloremque neque laudantium porro. Culpa et vitae eligendi provident qui molestiae ullam debitis. Rerum dolorum sint voluptatem perspiciatis mollitia non voluptates.', 'Dolore et debitis a voluptatem atque ipsa. Inventore voluptatem odit non impedit esse odio. Et labore voluptatem porro nam et quidem officia. Reiciendis rerum distinctio consequatur quo atque deleniti.', 0, 0, 0, '1977-04-17 13:40:09', '1972-05-24 11:28:39');
INSERT INTO `messages` (`id`, `from_user_id`, `to_user_id`, `message_header`, `message_body`, `sent_flag`, `recieved_flag`, `edited_flag`, `created_at`, `updated_at`) VALUES (51, 51, 51, 'Laborum eaque culpa accusantium. Sunt repellendus officiis delectus veritatis consequuntur quia. Voluptatem amet perferendis ullam aliquid quas aut. Ut aperiam in unde dolorem sed rerum facere.', 'Vitae officia delectus repellat consequatur architecto et. Ad quasi in corporis id itaque molestiae ipsa. Et tempora animi tempore officiis ex laborum.', 0, 0, 0, '1974-08-25 16:58:07', '1970-06-02 05:30:34');
INSERT INTO `messages` (`id`, `from_user_id`, `to_user_id`, `message_header`, `message_body`, `sent_flag`, `recieved_flag`, `edited_flag`, `created_at`, `updated_at`) VALUES (52, 52, 52, 'Quia aperiam est libero vitae voluptatem nostrum earum. Hic hic voluptas expedita amet eum.', 'Facilis pariatur et repudiandae. Aperiam nemo odio voluptatum qui. Velit adipisci deserunt est consequatur ex ad praesentium.', 0, 0, 0, '1990-11-02 09:42:29', '1988-08-07 11:16:02');
INSERT INTO `messages` (`id`, `from_user_id`, `to_user_id`, `message_header`, `message_body`, `sent_flag`, `recieved_flag`, `edited_flag`, `created_at`, `updated_at`) VALUES (53, 53, 53, 'Enim quisquam culpa sed in qui rerum non eum. Molestias ea et ex dolorem omnis quia porro eaque.', 'Et ut officia rerum quae dolorum doloremque magnam. Id praesentium sed eveniet sit culpa fugit rerum. Ad cum officiis hic.', 0, 0, 0, '1986-12-13 18:26:46', '2007-11-08 08:47:38');
INSERT INTO `messages` (`id`, `from_user_id`, `to_user_id`, `message_header`, `message_body`, `sent_flag`, `recieved_flag`, `edited_flag`, `created_at`, `updated_at`) VALUES (54, 54, 54, 'Explicabo voluptatem est rerum. Sed quis maiores reprehenderit omnis aspernatur exercitationem optio qui. Tempora voluptas provident sunt quam aut explicabo. Quasi omnis ut fugiat velit. Blanditiis et et quia recusandae eaque.', 'Minus consequatur laborum cumque deleniti. Assumenda molestiae aut quae dolor placeat labore impedit. Incidunt ad ut enim in omnis. Placeat ratione accusamus deserunt dolor eum eos odit.', 0, 0, 0, '1996-04-03 04:32:26', '2020-05-17 12:39:06');
INSERT INTO `messages` (`id`, `from_user_id`, `to_user_id`, `message_header`, `message_body`, `sent_flag`, `recieved_flag`, `edited_flag`, `created_at`, `updated_at`) VALUES (55, 55, 55, 'Voluptas accusantium aut cum et. Corporis deserunt provident aut molestiae. Iusto beatae eaque recusandae labore consequuntur omnis consequatur. Assumenda neque repellendus quia consequatur ipsa nesciunt.', 'Libero dolor magnam aut enim illo. Pariatur praesentium asperiores ratione et saepe. Sit eligendi ut sequi facere. Aspernatur nostrum nostrum molestias aperiam quod non numquam.', 0, 0, 0, '2000-07-11 17:17:36', '2011-02-16 08:40:49');
INSERT INTO `messages` (`id`, `from_user_id`, `to_user_id`, `message_header`, `message_body`, `sent_flag`, `recieved_flag`, `edited_flag`, `created_at`, `updated_at`) VALUES (56, 56, 56, 'Doloremque culpa minus molestiae quaerat omnis consequuntur occaecati. Eaque non molestiae dolores voluptas. Quaerat qui et modi harum aliquam odit. Qui accusantium enim molestiae architecto.', 'Totam sint ad error non nam atque. Pariatur placeat iste nesciunt. Doloribus est quibusdam dolorem animi.', 0, 0, 0, '2012-02-23 20:43:40', '1989-06-13 16:07:42');
INSERT INTO `messages` (`id`, `from_user_id`, `to_user_id`, `message_header`, `message_body`, `sent_flag`, `recieved_flag`, `edited_flag`, `created_at`, `updated_at`) VALUES (57, 57, 57, 'Sit natus ut numquam itaque voluptates. Nemo iure et corporis nulla vero fugit et. Cum dolorem provident ipsum laborum libero aut rerum.', 'Sapiente ipsam illum modi est aliquid. Ipsa ut ut magnam autem impedit. Aut non eos explicabo vitae explicabo vero est.', 0, 0, 0, '2005-08-08 15:39:01', '2010-10-26 00:27:00');
INSERT INTO `messages` (`id`, `from_user_id`, `to_user_id`, `message_header`, `message_body`, `sent_flag`, `recieved_flag`, `edited_flag`, `created_at`, `updated_at`) VALUES (58, 58, 58, 'Est eius neque et eligendi est aut est voluptatem. At est repellendus eligendi sint laboriosam. Quas quisquam sed quis quia quia provident. Repellendus deleniti sit dolorem a est aut ea.', 'Aliquid iure magni voluptas aliquam. Ut quasi quas consequatur eos voluptatem. Facere dolorum modi saepe minima. Similique velit tenetur saepe accusantium voluptas voluptates quia.', 0, 0, 0, '2019-07-26 05:32:00', '1976-02-24 09:57:58');
INSERT INTO `messages` (`id`, `from_user_id`, `to_user_id`, `message_header`, `message_body`, `sent_flag`, `recieved_flag`, `edited_flag`, `created_at`, `updated_at`) VALUES (59, 59, 59, 'Culpa recusandae quia at porro vel quae. Et temporibus voluptatem et sint magni. Et dolores officiis ea a dolorem dolores et. Hic commodi voluptates sed et et.', 'Qui quia nisi ipsa. Quia molestias voluptas natus libero autem eaque et. Accusamus et reiciendis ex in dolorem sequi incidunt sint.', 0, 0, 0, '2018-10-30 23:28:07', '1999-12-31 13:56:28');
INSERT INTO `messages` (`id`, `from_user_id`, `to_user_id`, `message_header`, `message_body`, `sent_flag`, `recieved_flag`, `edited_flag`, `created_at`, `updated_at`) VALUES (60, 60, 60, 'Quis at quia rerum labore inventore earum accusamus quo. Ut consequatur quia atque veniam sunt occaecati consequatur veniam. Quis molestiae repellat optio qui quae laborum exercitationem.', 'Laborum exercitationem et voluptatem ullam dolor. Repellat qui explicabo deserunt. Neque quaerat omnis odit est consequatur quisquam delectus maiores.', 0, 0, 0, '1993-10-17 12:00:48', '1996-01-23 21:00:57');
INSERT INTO `messages` (`id`, `from_user_id`, `to_user_id`, `message_header`, `message_body`, `sent_flag`, `recieved_flag`, `edited_flag`, `created_at`, `updated_at`) VALUES (61, 61, 61, 'Atque consectetur enim incidunt et. Molestiae et sunt omnis aliquid fuga quidem non. Harum harum vitae repudiandae quo eum consequuntur ratione.', 'Molestias reiciendis placeat esse culpa dolorem ea velit. Recusandae molestias nostrum est in dicta. Sint occaecati quia nemo aut eos deserunt. Quis est magni minus quam. Ea quibusdam facilis rem qui reiciendis.', 0, 0, 0, '1985-05-26 06:21:34', '1970-10-21 07:41:22');
INSERT INTO `messages` (`id`, `from_user_id`, `to_user_id`, `message_header`, `message_body`, `sent_flag`, `recieved_flag`, `edited_flag`, `created_at`, `updated_at`) VALUES (62, 62, 62, 'Dicta error tenetur nobis recusandae laborum accusantium. Sapiente qui est vel hic sed nihil reprehenderit. Odio cum voluptatem facere recusandae. Error distinctio doloremque quia quos corrupti.', 'Et eos deleniti harum consequatur consequatur accusantium. Tenetur tenetur natus corporis sit eaque. Ut quidem quibusdam numquam placeat sunt vel. Sed aut commodi consequatur inventore ipsum animi.', 0, 0, 0, '2008-03-20 22:20:02', '1971-09-27 09:09:00');
INSERT INTO `messages` (`id`, `from_user_id`, `to_user_id`, `message_header`, `message_body`, `sent_flag`, `recieved_flag`, `edited_flag`, `created_at`, `updated_at`) VALUES (63, 63, 63, 'Non sint rerum labore repellendus. Quisquam dolor at et velit dolorem. Non laboriosam laboriosam et eveniet. Aut hic temporibus distinctio sit esse.', 'Repellat molestiae natus et dolorem. Pariatur illo omnis excepturi.', 0, 0, 0, '2007-01-28 23:44:05', '2019-03-07 11:59:23');
INSERT INTO `messages` (`id`, `from_user_id`, `to_user_id`, `message_header`, `message_body`, `sent_flag`, `recieved_flag`, `edited_flag`, `created_at`, `updated_at`) VALUES (64, 64, 64, 'Est et ipsam et necessitatibus adipisci magni. Tempora voluptas reiciendis quia sit voluptas omnis. Repudiandae qui perspiciatis consequatur nam.', 'Voluptatibus ullam quidem et minima deserunt id ex. Numquam iure autem aspernatur eos quis aspernatur. Odio mollitia quia recusandae laudantium minus vel.', 0, 0, 0, '1988-07-19 13:33:55', '1978-02-07 15:27:06');
INSERT INTO `messages` (`id`, `from_user_id`, `to_user_id`, `message_header`, `message_body`, `sent_flag`, `recieved_flag`, `edited_flag`, `created_at`, `updated_at`) VALUES (65, 65, 65, 'Voluptatibus ut quod porro dolores. Blanditiis recusandae aut qui maiores sit consectetur. Magnam molestias quas omnis et consectetur nulla eius in.', 'Et quis porro itaque modi et illo voluptas. Ipsum totam dolorum veniam eligendi aut voluptatem dolorem. Porro minus id fugit tenetur animi ea. Eius inventore voluptas aliquid totam. Est illo laudantium ea sint.', 0, 0, 0, '2006-10-04 22:33:56', '2010-02-11 12:01:59');
INSERT INTO `messages` (`id`, `from_user_id`, `to_user_id`, `message_header`, `message_body`, `sent_flag`, `recieved_flag`, `edited_flag`, `created_at`, `updated_at`) VALUES (66, 66, 66, 'Doloribus omnis qui quasi voluptatem. Animi aliquid quidem et et. Tempore culpa aut est. Id eos dolorum quas sed facere vel molestiae.', 'Laudantium at ad adipisci eos. Cumque provident voluptate veniam ut nisi. At molestiae qui quo dolor.', 0, 0, 0, '1991-11-27 15:21:18', '2007-07-12 04:09:24');
INSERT INTO `messages` (`id`, `from_user_id`, `to_user_id`, `message_header`, `message_body`, `sent_flag`, `recieved_flag`, `edited_flag`, `created_at`, `updated_at`) VALUES (67, 67, 67, 'Assumenda fuga ad impedit. Eius id quo et quia. Laboriosam rerum sunt repellendus eveniet. Occaecati dolorum et voluptatem quisquam autem voluptates.', 'Possimus sint ad ab sed incidunt minima perferendis. Et veritatis voluptate aut a id minus nostrum dolorem. Possimus est veniam repellat autem odit.', 0, 0, 0, '1976-06-10 03:01:24', '1978-12-30 16:04:26');
INSERT INTO `messages` (`id`, `from_user_id`, `to_user_id`, `message_header`, `message_body`, `sent_flag`, `recieved_flag`, `edited_flag`, `created_at`, `updated_at`) VALUES (68, 68, 68, 'Sunt pariatur et libero necessitatibus iure pariatur dolore. Sunt accusantium perferendis qui aspernatur illum illum. Aut voluptate quos harum nostrum nulla ratione.', 'Ut ea ipsam quo. Enim quis rerum nisi ab cum dolores qui. Ratione esse incidunt sunt dicta deserunt. Nihil nobis voluptatum qui.', 0, 0, 0, '2006-06-17 15:43:10', '2014-11-20 15:34:31');
INSERT INTO `messages` (`id`, `from_user_id`, `to_user_id`, `message_header`, `message_body`, `sent_flag`, `recieved_flag`, `edited_flag`, `created_at`, `updated_at`) VALUES (69, 69, 69, 'Ex natus consequatur rerum sed recusandae sint. Quas non debitis at voluptatem et aut. Hic beatae harum et fuga excepturi.', 'Dolorum nam suscipit ut quia. Sint dolor suscipit voluptas sunt consequatur illum quod labore. Quidem aspernatur quisquam sint id quam quisquam veritatis. Quidem molestias neque ipsa.', 0, 0, 0, '1978-01-03 03:32:53', '1986-03-03 23:39:25');
INSERT INTO `messages` (`id`, `from_user_id`, `to_user_id`, `message_header`, `message_body`, `sent_flag`, `recieved_flag`, `edited_flag`, `created_at`, `updated_at`) VALUES (70, 70, 70, 'Non consequuntur sed voluptas ut et. Aut et eaque quae quia assumenda sint. Alias nam non deleniti est ut temporibus labore quisquam. Vitae quia sequi labore aut maxime rerum iste.', 'Odit asperiores vero minima qui tempora nemo. Rerum dolor eum minima temporibus. Aliquam est voluptatum aliquam a aut quisquam.', 0, 0, 0, '1986-08-12 17:03:53', '2011-03-30 15:43:13');
INSERT INTO `messages` (`id`, `from_user_id`, `to_user_id`, `message_header`, `message_body`, `sent_flag`, `recieved_flag`, `edited_flag`, `created_at`, `updated_at`) VALUES (71, 71, 71, 'Quae qui odit illum consequatur dolorum recusandae libero. Qui aut exercitationem pariatur illo consequatur maiores. Omnis deleniti eveniet molestiae quia quisquam aut at ratione. Et commodi ratione excepturi alias.', 'Magnam quia ex quos. Voluptates ut nostrum odio minus perferendis magnam.', 0, 0, 0, '1985-07-25 20:11:43', '2016-11-28 11:38:44');
INSERT INTO `messages` (`id`, `from_user_id`, `to_user_id`, `message_header`, `message_body`, `sent_flag`, `recieved_flag`, `edited_flag`, `created_at`, `updated_at`) VALUES (72, 72, 72, 'Corrupti blanditiis rerum quo quibusdam reprehenderit in. Magnam nihil sed delectus est rerum. Enim accusantium asperiores deleniti voluptatibus eum molestiae cum. Ea officiis ipsum quis sit sit repellendus omnis.', 'Velit occaecati eum deserunt dicta odit nesciunt modi quia. Dolorem ea numquam eaque nobis rem. Sint sit omnis nihil voluptas doloremque eius.', 0, 0, 0, '2013-05-01 03:42:02', '2002-03-25 23:51:58');
INSERT INTO `messages` (`id`, `from_user_id`, `to_user_id`, `message_header`, `message_body`, `sent_flag`, `recieved_flag`, `edited_flag`, `created_at`, `updated_at`) VALUES (73, 73, 73, 'Aliquid nobis voluptate cupiditate voluptatem tempora quis. Praesentium quae labore qui rerum reprehenderit. Aut sit omnis eligendi hic impedit tempore cumque nam. Commodi quisquam provident cumque repudiandae.', 'Aut dolores quia numquam porro. Nisi provident optio sunt id fugit. Sed praesentium quam et consectetur et.', 0, 0, 0, '2009-09-08 12:49:37', '1973-07-08 20:03:38');
INSERT INTO `messages` (`id`, `from_user_id`, `to_user_id`, `message_header`, `message_body`, `sent_flag`, `recieved_flag`, `edited_flag`, `created_at`, `updated_at`) VALUES (74, 74, 74, 'Est a nostrum praesentium odit nesciunt voluptatem aut ex. Quasi expedita ut consectetur dolore culpa. Eum repellendus at quia cum et distinctio voluptas quis. Voluptatem cum non laborum vel assumenda fugiat.', 'Nulla facilis beatae repellendus reiciendis hic officia quaerat. Consequatur deserunt porro aut odit rerum temporibus nulla. Sapiente qui ut sit rerum sit et. Tempore eius saepe quibusdam.', 0, 0, 0, '2000-10-01 12:15:16', '1983-03-22 15:13:04');
INSERT INTO `messages` (`id`, `from_user_id`, `to_user_id`, `message_header`, `message_body`, `sent_flag`, `recieved_flag`, `edited_flag`, `created_at`, `updated_at`) VALUES (75, 75, 75, 'Et tenetur quo ipsam aliquid aliquam ut inventore voluptatem. Eum ut non esse error. Sed neque accusantium dolores hic eligendi quia. Consectetur eius et exercitationem enim.', 'Magni unde perferendis veniam tenetur vero laboriosam. Minima quas et maxime sunt. Nemo aut et et qui fugit.', 0, 0, 0, '1970-12-02 15:28:38', '2014-06-17 00:43:33');
INSERT INTO `messages` (`id`, `from_user_id`, `to_user_id`, `message_header`, `message_body`, `sent_flag`, `recieved_flag`, `edited_flag`, `created_at`, `updated_at`) VALUES (76, 76, 76, 'Earum facilis ut repudiandae repudiandae quod. Maiores amet ut laborum laudantium enim alias. Dolorem ea beatae dolores culpa ratione aut molestias. Quam repudiandae voluptas molestias aperiam necessitatibus in non.', 'Aspernatur explicabo qui consequatur eaque sit deserunt quia. Amet ullam maxime voluptates illo est quia corrupti. Officiis accusantium in sit quam aut saepe. Dolorum molestias repellat est fugit tempore est minima.', 0, 0, 0, '2006-06-19 20:01:27', '1989-01-04 18:44:12');
INSERT INTO `messages` (`id`, `from_user_id`, `to_user_id`, `message_header`, `message_body`, `sent_flag`, `recieved_flag`, `edited_flag`, `created_at`, `updated_at`) VALUES (77, 77, 77, 'Saepe nobis molestiae et recusandae voluptatibus. Quod et enim vel est. Omnis et voluptatibus ex exercitationem est quis est ad.', 'Accusamus provident vel est odit ut minima in iure. Iusto sed et id iure officia amet pariatur. Id cupiditate sint consequatur officiis perspiciatis sunt. Tempora laboriosam earum sed et aperiam.', 0, 0, 0, '2019-04-04 22:57:09', '1971-12-18 16:59:10');
INSERT INTO `messages` (`id`, `from_user_id`, `to_user_id`, `message_header`, `message_body`, `sent_flag`, `recieved_flag`, `edited_flag`, `created_at`, `updated_at`) VALUES (78, 78, 78, 'Ullam quis alias vel odio. Soluta iure voluptates eum ea laboriosam. Nulla sed quia aut aut id. Incidunt reiciendis sapiente expedita et.', 'Et at quos quod eum quia. Qui tempora et nostrum ea reiciendis eum in sapiente. Qui cum consequatur eligendi dolorem qui earum sunt.', 0, 0, 0, '2015-10-19 01:55:27', '2010-04-11 16:19:18');
INSERT INTO `messages` (`id`, `from_user_id`, `to_user_id`, `message_header`, `message_body`, `sent_flag`, `recieved_flag`, `edited_flag`, `created_at`, `updated_at`) VALUES (79, 79, 79, 'Fugiat nulla in placeat dolor ut non culpa. Provident blanditiis dignissimos aut corrupti officia ut rem. Eaque ut sapiente laborum vel assumenda non. Sed quasi vel architecto minima iure.', 'Nesciunt ut libero rerum. Voluptas praesentium iusto cupiditate temporibus aut consequatur. Aspernatur quas cupiditate quibusdam voluptatem cum accusantium earum est.', 0, 0, 0, '1995-07-13 13:20:45', '1997-03-03 19:26:30');
INSERT INTO `messages` (`id`, `from_user_id`, `to_user_id`, `message_header`, `message_body`, `sent_flag`, `recieved_flag`, `edited_flag`, `created_at`, `updated_at`) VALUES (80, 80, 80, 'Id accusantium voluptates enim et. Facere dicta est eum nulla. Itaque non perferendis eligendi. Ut doloremque ad quo quo.', 'Et alias occaecati qui iste corrupti laboriosam. At laudantium blanditiis itaque adipisci molestias nulla. Impedit blanditiis et accusantium vel fugit. Repudiandae ratione ut quas nisi. Omnis ut aliquid omnis sed.', 0, 0, 0, '1992-05-14 10:12:43', '2005-11-23 05:17:30');
INSERT INTO `messages` (`id`, `from_user_id`, `to_user_id`, `message_header`, `message_body`, `sent_flag`, `recieved_flag`, `edited_flag`, `created_at`, `updated_at`) VALUES (81, 81, 81, 'Inventore laborum aliquid et nam veniam cumque. Ea sed eius deleniti maiores non est libero. Sit ab molestiae quia eaque. Numquam sunt animi et.', 'Et qui aut unde voluptatem. Sequi sit est velit accusantium perspiciatis. Impedit libero modi et suscipit ut. Voluptatem qui quasi dolorem.', 0, 0, 0, '1998-03-25 04:45:02', '1988-12-11 18:00:30');
INSERT INTO `messages` (`id`, `from_user_id`, `to_user_id`, `message_header`, `message_body`, `sent_flag`, `recieved_flag`, `edited_flag`, `created_at`, `updated_at`) VALUES (82, 82, 82, 'Asperiores assumenda suscipit labore sint. Eligendi impedit natus magni qui. Provident totam reiciendis veniam corrupti exercitationem. Velit corrupti eum est molestias sunt.', 'Laborum occaecati dolores perferendis pariatur. Voluptas sit sed qui perferendis numquam architecto aut. Et est vero minima illo. Dignissimos necessitatibus animi qui consequatur sed.', 0, 0, 0, '1980-12-25 03:21:16', '1979-01-19 03:19:54');
INSERT INTO `messages` (`id`, `from_user_id`, `to_user_id`, `message_header`, `message_body`, `sent_flag`, `recieved_flag`, `edited_flag`, `created_at`, `updated_at`) VALUES (83, 83, 83, 'Omnis placeat voluptas quis quas quidem doloremque aut. Voluptatum tenetur molestiae quibusdam sit ad.', 'Culpa atque commodi velit quia fugit optio et. Commodi praesentium vero aut quidem. Sed sunt quos ut aperiam. Ipsa voluptatem id eum temporibus.', 0, 0, 0, '1988-06-16 02:34:51', '1982-11-30 05:07:59');
INSERT INTO `messages` (`id`, `from_user_id`, `to_user_id`, `message_header`, `message_body`, `sent_flag`, `recieved_flag`, `edited_flag`, `created_at`, `updated_at`) VALUES (84, 84, 84, 'Qui est ab deserunt aliquid rem tempora sunt. Nostrum eum eum et et ut sed.', 'Non aut rerum quasi eum magni. Error rerum veritatis aut perspiciatis. Ipsum sunt molestias velit veniam voluptatem voluptate eum. Error ipsum eos voluptatem quae nisi iure.', 0, 0, 0, '2003-09-09 12:07:10', '2010-11-19 21:20:08');
INSERT INTO `messages` (`id`, `from_user_id`, `to_user_id`, `message_header`, `message_body`, `sent_flag`, `recieved_flag`, `edited_flag`, `created_at`, `updated_at`) VALUES (85, 85, 85, 'Quae consequuntur quo et est. Vel tenetur quo aut eveniet dolores similique optio dolorum. Et modi rerum consequatur sunt velit molestias hic est. Ut odit quisquam itaque soluta voluptatem velit.', 'Qui quis fugiat officia excepturi ut voluptas et dicta. Temporibus sed deleniti enim omnis et excepturi. Aliquam voluptate nihil ipsam. Perspiciatis tempore est qui autem est. Cum magni sunt expedita et possimus commodi.', 0, 0, 0, '1973-01-26 14:26:44', '2012-10-24 00:43:58');
INSERT INTO `messages` (`id`, `from_user_id`, `to_user_id`, `message_header`, `message_body`, `sent_flag`, `recieved_flag`, `edited_flag`, `created_at`, `updated_at`) VALUES (86, 86, 86, 'Expedita modi a ipsum blanditiis quia provident exercitationem. Non ex id illo dolore animi dicta qui.', 'Id accusantium omnis et sit. Consequuntur odio aspernatur sit et. Non quis sunt cumque ut nesciunt quis.', 0, 0, 0, '2007-04-14 01:47:25', '2015-12-02 01:03:06');
INSERT INTO `messages` (`id`, `from_user_id`, `to_user_id`, `message_header`, `message_body`, `sent_flag`, `recieved_flag`, `edited_flag`, `created_at`, `updated_at`) VALUES (87, 87, 87, 'Cum fuga optio porro explicabo corporis dolorem et. Optio perferendis facilis ipsa explicabo repellat accusamus autem. Corporis aut sint est ut aliquid delectus quibusdam. Eligendi illo officia quaerat rerum. Et beatae animi fugit id vel in nostrum.', 'Quas minima neque possimus molestias. Et dolores vitae fuga placeat deleniti. Non optio eum mollitia accusamus veritatis laudantium. Voluptatem unde culpa iure quos.', 0, 0, 0, '1980-12-27 10:13:17', '2019-10-11 08:14:23');
INSERT INTO `messages` (`id`, `from_user_id`, `to_user_id`, `message_header`, `message_body`, `sent_flag`, `recieved_flag`, `edited_flag`, `created_at`, `updated_at`) VALUES (88, 88, 88, 'Saepe in cupiditate cum deleniti. Itaque natus corporis vero consectetur. Et perspiciatis nam ut eum cum quas aut.', 'Velit natus autem iste officiis minus. Numquam rem nemo architecto voluptatum dolor dolorem.', 0, 0, 0, '1989-06-30 00:08:53', '2020-04-04 02:01:26');
INSERT INTO `messages` (`id`, `from_user_id`, `to_user_id`, `message_header`, `message_body`, `sent_flag`, `recieved_flag`, `edited_flag`, `created_at`, `updated_at`) VALUES (89, 89, 89, 'Mollitia pariatur at suscipit ullam distinctio repellendus quaerat. Mollitia aut aut enim ea dignissimos facilis. Beatae veritatis assumenda dolor cumque dolorem.', 'Rerum ex quasi ut occaecati minus tempore dolorum. Qui dolorum ratione recusandae ut. Exercitationem quam distinctio iusto eius dicta officiis est. Ab vel praesentium modi voluptatem. Iste laboriosam architecto cumque sed ea quae molestiae magnam.', 0, 0, 0, '1996-11-24 11:30:54', '2012-07-23 01:46:00');
INSERT INTO `messages` (`id`, `from_user_id`, `to_user_id`, `message_header`, `message_body`, `sent_flag`, `recieved_flag`, `edited_flag`, `created_at`, `updated_at`) VALUES (90, 90, 90, 'Consectetur et eaque sequi commodi provident omnis qui. Facilis nulla aut pariatur voluptas ab cupiditate nemo. Voluptatem quisquam cumque officia distinctio.', 'Voluptatem nostrum illum qui officia adipisci. Deleniti est quod aliquam ut magnam. Explicabo omnis odit accusantium. Aut tempora quidem aut vero tempora.', 0, 0, 0, '1987-09-12 11:19:18', '1976-08-19 01:38:08');
INSERT INTO `messages` (`id`, `from_user_id`, `to_user_id`, `message_header`, `message_body`, `sent_flag`, `recieved_flag`, `edited_flag`, `created_at`, `updated_at`) VALUES (91, 91, 91, 'Fugit dignissimos esse voluptate. Ut mollitia eos esse molestias explicabo consequatur deleniti. Aliquam et porro dolorem possimus perferendis similique molestiae.', 'Rerum labore expedita qui. Est itaque sit totam doloremque repudiandae dolorem. Consequuntur nostrum omnis rerum neque nisi. Ut aut quisquam doloremque itaque quod doloremque aut distinctio.', 0, 0, 0, '2018-10-16 09:47:58', '1992-11-24 02:00:20');
INSERT INTO `messages` (`id`, `from_user_id`, `to_user_id`, `message_header`, `message_body`, `sent_flag`, `recieved_flag`, `edited_flag`, `created_at`, `updated_at`) VALUES (92, 92, 92, 'Placeat quo sed quibusdam accusantium odit ut. Facilis error quasi inventore cumque blanditiis ea doloribus. Et ut eos sequi dolore corrupti sunt. Fuga beatae veritatis dolorum ut nam fuga.', 'Perspiciatis alias nulla sint quos atque dolorem quae. Voluptatem officia odit non excepturi. Delectus voluptas sunt enim nisi. Voluptates consectetur qui doloribus et et eos. Sint ut qui est.', 0, 0, 0, '1995-02-09 23:31:02', '1971-09-01 05:06:12');
INSERT INTO `messages` (`id`, `from_user_id`, `to_user_id`, `message_header`, `message_body`, `sent_flag`, `recieved_flag`, `edited_flag`, `created_at`, `updated_at`) VALUES (93, 93, 93, 'Amet expedita ut molestiae qui et temporibus assumenda. Earum voluptas debitis corporis illum asperiores doloribus. Aut aliquam est consectetur odio ut est magni. Earum sit sint facilis atque.', 'Nihil a ut debitis voluptates quia. Modi non aut illum. In optio sapiente repellat reiciendis. Deleniti possimus molestiae sed et sunt ut.', 0, 0, 0, '1994-08-23 00:49:36', '1975-06-01 04:07:40');
INSERT INTO `messages` (`id`, `from_user_id`, `to_user_id`, `message_header`, `message_body`, `sent_flag`, `recieved_flag`, `edited_flag`, `created_at`, `updated_at`) VALUES (94, 94, 94, 'Accusantium mollitia quasi reprehenderit quis. Quo cum aut delectus dolorem harum expedita saepe unde.', 'Sunt at minima commodi neque odit. Laudantium autem optio qui. Quidem tenetur possimus culpa quis sed. Optio porro sed aliquid iure ullam voluptas.', 0, 0, 0, '2011-07-24 03:29:12', '1976-07-08 12:46:59');
INSERT INTO `messages` (`id`, `from_user_id`, `to_user_id`, `message_header`, `message_body`, `sent_flag`, `recieved_flag`, `edited_flag`, `created_at`, `updated_at`) VALUES (95, 95, 95, 'Et neque et iste rerum qui quam. Earum cupiditate unde sit deserunt impedit perferendis ipsum excepturi. Laudantium sit magnam architecto et porro voluptate. Laboriosam nihil repudiandae tempora laborum consequuntur. Aut quia placeat deserunt amet tempore', 'Est qui assumenda et deleniti repellat temporibus. Fugit quia sit iure ad ipsam. Et omnis voluptas ut. Fugiat repellendus quia fugit.', 0, 0, 0, '1999-08-02 16:54:50', '1982-12-07 04:18:30');
INSERT INTO `messages` (`id`, `from_user_id`, `to_user_id`, `message_header`, `message_body`, `sent_flag`, `recieved_flag`, `edited_flag`, `created_at`, `updated_at`) VALUES (96, 96, 96, 'Voluptas consequatur ea mollitia ut quos. Voluptates est occaecati sit et. Qui est aut omnis molestias error facilis magni.', 'Deserunt commodi et nihil. Dolorem eaque incidunt eius recusandae ea. Incidunt velit officiis eaque ex eum provident quidem. Repudiandae praesentium porro veritatis aut.', 0, 0, 0, '1971-01-26 07:07:33', '2004-04-14 02:33:25');
INSERT INTO `messages` (`id`, `from_user_id`, `to_user_id`, `message_header`, `message_body`, `sent_flag`, `recieved_flag`, `edited_flag`, `created_at`, `updated_at`) VALUES (97, 97, 97, 'Possimus nulla nulla quas modi placeat facilis ab. Voluptates amet aut alias vel.', 'Quis quam qui et ex molestiae. Similique aut eligendi totam sint qui est dolor. Velit voluptates quaerat adipisci qui animi. Optio qui ullam iste debitis quis doloribus odio.', 0, 0, 0, '1992-06-18 17:48:48', '1997-07-13 12:49:31');
INSERT INTO `messages` (`id`, `from_user_id`, `to_user_id`, `message_header`, `message_body`, `sent_flag`, `recieved_flag`, `edited_flag`, `created_at`, `updated_at`) VALUES (98, 98, 98, 'Sint et libero tempora perspiciatis itaque. Eligendi ea quas itaque nihil iure quae. Qui eos occaecati repellendus illum saepe. Quisquam magnam omnis id voluptates.', 'Adipisci consequatur eius dignissimos et consectetur ducimus. Laudantium nobis consequuntur asperiores nihil et. Tempora unde odit earum non soluta. Dolorum officiis totam occaecati nobis nostrum et unde.', 0, 0, 0, '1996-07-28 02:07:34', '1984-08-22 10:14:18');
INSERT INTO `messages` (`id`, `from_user_id`, `to_user_id`, `message_header`, `message_body`, `sent_flag`, `recieved_flag`, `edited_flag`, `created_at`, `updated_at`) VALUES (99, 99, 99, 'Culpa architecto possimus reprehenderit et tempore. Aut explicabo accusantium omnis voluptas inventore dignissimos accusamus. Quam expedita qui vel sint necessitatibus explicabo qui. Nihil et molestias sit quos saepe omnis quia.', 'Qui porro quo nostrum ex magnam maxime eius. Est quis tempore voluptatem quod qui occaecati incidunt. Beatae iste vel et itaque nam voluptatibus. Porro quia sapiente culpa molestias repellendus laborum.', 0, 0, 0, '2005-10-31 02:49:00', '1988-06-04 18:07:32');
INSERT INTO `messages` (`id`, `from_user_id`, `to_user_id`, `message_header`, `message_body`, `sent_flag`, `recieved_flag`, `edited_flag`, `created_at`, `updated_at`) VALUES (100, 100, 100, 'Ducimus ut reprehenderit ea laudantium sint quia. Similique officia soluta unde qui voluptatum nihil debitis qui. Ut similique et soluta quasi illum dolorum. Magni deserunt culpa cum.', 'Corrupti reprehenderit neque animi sunt et hic qui. Magni possimus quia aut quisquam. Nemo atque magnam facere in tenetur.', 0, 0, 0, '1995-12-31 19:07:39', '2011-05-11 19:59:11');


INSERT INTO `messages_media_files` (`message_id`, `media_file_id`, `created_at`, `updated_at`) VALUES (1, 1, '2000-08-31 12:41:58', '1979-04-13 02:52:05');
INSERT INTO `messages_media_files` (`message_id`, `media_file_id`, `created_at`, `updated_at`) VALUES (2, 2, '1986-08-28 15:00:12', '1990-06-23 18:45:44');
INSERT INTO `messages_media_files` (`message_id`, `media_file_id`, `created_at`, `updated_at`) VALUES (3, 3, '1982-02-07 16:13:00', '1978-09-04 02:06:53');
INSERT INTO `messages_media_files` (`message_id`, `media_file_id`, `created_at`, `updated_at`) VALUES (4, 4, '2003-09-05 17:57:45', '1970-08-12 09:41:08');
INSERT INTO `messages_media_files` (`message_id`, `media_file_id`, `created_at`, `updated_at`) VALUES (5, 5, '1992-03-09 10:31:53', '2013-07-01 02:34:29');
INSERT INTO `messages_media_files` (`message_id`, `media_file_id`, `created_at`, `updated_at`) VALUES (6, 6, '2017-04-18 10:42:07', '1980-01-14 09:45:00');
INSERT INTO `messages_media_files` (`message_id`, `media_file_id`, `created_at`, `updated_at`) VALUES (7, 7, '1983-12-09 06:18:00', '2013-07-27 10:42:46');
INSERT INTO `messages_media_files` (`message_id`, `media_file_id`, `created_at`, `updated_at`) VALUES (8, 8, '1971-02-06 02:22:42', '2008-12-29 17:48:24');
INSERT INTO `messages_media_files` (`message_id`, `media_file_id`, `created_at`, `updated_at`) VALUES (9, 9, '2014-11-10 22:41:50', '2021-05-25 11:01:24');
INSERT INTO `messages_media_files` (`message_id`, `media_file_id`, `created_at`, `updated_at`) VALUES (10, 10, '1979-01-15 23:42:56', '2002-07-01 09:27:47');
INSERT INTO `messages_media_files` (`message_id`, `media_file_id`, `created_at`, `updated_at`) VALUES (11, 11, '1997-08-21 21:07:20', '1981-12-07 11:02:54');
INSERT INTO `messages_media_files` (`message_id`, `media_file_id`, `created_at`, `updated_at`) VALUES (12, 12, '1986-02-26 10:25:44', '1987-12-11 05:27:35');
INSERT INTO `messages_media_files` (`message_id`, `media_file_id`, `created_at`, `updated_at`) VALUES (13, 13, '1989-02-11 07:30:32', '1994-09-15 01:07:53');
INSERT INTO `messages_media_files` (`message_id`, `media_file_id`, `created_at`, `updated_at`) VALUES (14, 14, '2017-08-04 10:41:14', '1992-01-14 17:24:31');
INSERT INTO `messages_media_files` (`message_id`, `media_file_id`, `created_at`, `updated_at`) VALUES (15, 15, '1976-02-03 04:09:44', '2013-12-23 12:40:15');
INSERT INTO `messages_media_files` (`message_id`, `media_file_id`, `created_at`, `updated_at`) VALUES (16, 16, '2017-09-28 09:18:45', '2015-08-28 05:37:54');
INSERT INTO `messages_media_files` (`message_id`, `media_file_id`, `created_at`, `updated_at`) VALUES (17, 17, '2011-05-04 22:06:54', '1999-02-15 18:56:13');
INSERT INTO `messages_media_files` (`message_id`, `media_file_id`, `created_at`, `updated_at`) VALUES (18, 18, '2016-05-23 01:29:37', '2015-10-21 09:17:34');
INSERT INTO `messages_media_files` (`message_id`, `media_file_id`, `created_at`, `updated_at`) VALUES (19, 19, '2004-07-16 14:10:17', '1987-05-26 06:43:23');
INSERT INTO `messages_media_files` (`message_id`, `media_file_id`, `created_at`, `updated_at`) VALUES (20, 20, '2020-10-21 02:23:08', '1983-02-04 03:12:38');
INSERT INTO `messages_media_files` (`message_id`, `media_file_id`, `created_at`, `updated_at`) VALUES (21, 21, '1993-04-24 15:11:34', '1988-02-14 23:53:50');
INSERT INTO `messages_media_files` (`message_id`, `media_file_id`, `created_at`, `updated_at`) VALUES (22, 22, '1975-05-06 12:01:07', '1979-06-01 17:11:05');
INSERT INTO `messages_media_files` (`message_id`, `media_file_id`, `created_at`, `updated_at`) VALUES (23, 23, '2003-01-15 04:57:09', '1980-02-17 00:25:39');
INSERT INTO `messages_media_files` (`message_id`, `media_file_id`, `created_at`, `updated_at`) VALUES (24, 24, '1981-04-03 00:13:30', '1977-03-07 07:29:07');
INSERT INTO `messages_media_files` (`message_id`, `media_file_id`, `created_at`, `updated_at`) VALUES (25, 25, '2019-07-01 22:25:01', '2006-04-13 07:59:51');
INSERT INTO `messages_media_files` (`message_id`, `media_file_id`, `created_at`, `updated_at`) VALUES (26, 26, '2012-02-15 03:59:04', '2014-10-03 21:01:10');
INSERT INTO `messages_media_files` (`message_id`, `media_file_id`, `created_at`, `updated_at`) VALUES (27, 27, '2008-04-13 00:37:40', '1982-08-31 02:53:36');
INSERT INTO `messages_media_files` (`message_id`, `media_file_id`, `created_at`, `updated_at`) VALUES (28, 28, '1983-10-23 14:33:00', '1985-01-31 16:55:21');
INSERT INTO `messages_media_files` (`message_id`, `media_file_id`, `created_at`, `updated_at`) VALUES (29, 29, '1980-07-04 11:49:09', '2019-08-22 07:15:43');
INSERT INTO `messages_media_files` (`message_id`, `media_file_id`, `created_at`, `updated_at`) VALUES (30, 30, '1996-06-20 01:27:33', '2001-01-21 11:49:01');
INSERT INTO `messages_media_files` (`message_id`, `media_file_id`, `created_at`, `updated_at`) VALUES (31, 31, '2003-02-11 06:19:33', '2003-08-15 08:38:30');
INSERT INTO `messages_media_files` (`message_id`, `media_file_id`, `created_at`, `updated_at`) VALUES (32, 32, '2010-03-13 05:01:19', '1984-10-29 00:09:01');
INSERT INTO `messages_media_files` (`message_id`, `media_file_id`, `created_at`, `updated_at`) VALUES (33, 33, '1979-07-21 03:37:31', '1984-01-08 02:27:24');
INSERT INTO `messages_media_files` (`message_id`, `media_file_id`, `created_at`, `updated_at`) VALUES (34, 34, '1978-07-03 00:37:02', '1972-08-25 05:56:55');
INSERT INTO `messages_media_files` (`message_id`, `media_file_id`, `created_at`, `updated_at`) VALUES (35, 35, '1998-04-07 03:24:05', '1985-08-02 22:45:48');
INSERT INTO `messages_media_files` (`message_id`, `media_file_id`, `created_at`, `updated_at`) VALUES (36, 36, '1980-12-02 23:51:37', '1992-04-26 09:21:56');
INSERT INTO `messages_media_files` (`message_id`, `media_file_id`, `created_at`, `updated_at`) VALUES (37, 37, '2020-07-14 18:02:55', '2006-09-29 12:01:21');
INSERT INTO `messages_media_files` (`message_id`, `media_file_id`, `created_at`, `updated_at`) VALUES (38, 38, '2011-09-04 10:08:57', '2008-01-03 09:00:01');
INSERT INTO `messages_media_files` (`message_id`, `media_file_id`, `created_at`, `updated_at`) VALUES (39, 39, '2009-02-04 12:40:02', '1973-02-16 20:33:30');
INSERT INTO `messages_media_files` (`message_id`, `media_file_id`, `created_at`, `updated_at`) VALUES (40, 40, '1996-03-17 00:09:17', '1989-03-21 21:28:33');
INSERT INTO `messages_media_files` (`message_id`, `media_file_id`, `created_at`, `updated_at`) VALUES (41, 41, '1987-05-06 10:07:43', '1977-03-13 23:25:02');
INSERT INTO `messages_media_files` (`message_id`, `media_file_id`, `created_at`, `updated_at`) VALUES (42, 42, '2000-12-28 05:05:28', '1995-03-11 11:18:30');
INSERT INTO `messages_media_files` (`message_id`, `media_file_id`, `created_at`, `updated_at`) VALUES (43, 43, '1975-05-15 11:11:09', '1970-12-24 02:15:35');
INSERT INTO `messages_media_files` (`message_id`, `media_file_id`, `created_at`, `updated_at`) VALUES (44, 44, '1993-05-17 16:50:19', '1987-01-28 22:44:34');
INSERT INTO `messages_media_files` (`message_id`, `media_file_id`, `created_at`, `updated_at`) VALUES (45, 45, '2020-12-19 09:44:33', '2017-04-30 20:31:32');
INSERT INTO `messages_media_files` (`message_id`, `media_file_id`, `created_at`, `updated_at`) VALUES (46, 46, '1987-12-20 22:26:11', '1982-06-28 21:28:56');
INSERT INTO `messages_media_files` (`message_id`, `media_file_id`, `created_at`, `updated_at`) VALUES (47, 47, '2012-09-20 19:23:42', '1977-01-21 20:42:38');
INSERT INTO `messages_media_files` (`message_id`, `media_file_id`, `created_at`, `updated_at`) VALUES (48, 48, '2003-01-10 04:49:42', '1995-06-29 11:54:16');
INSERT INTO `messages_media_files` (`message_id`, `media_file_id`, `created_at`, `updated_at`) VALUES (49, 49, '1976-08-14 00:34:59', '1986-01-12 18:03:08');
INSERT INTO `messages_media_files` (`message_id`, `media_file_id`, `created_at`, `updated_at`) VALUES (50, 50, '2002-07-11 09:03:52', '2008-02-20 16:09:55');
INSERT INTO `messages_media_files` (`message_id`, `media_file_id`, `created_at`, `updated_at`) VALUES (51, 51, '2001-10-23 15:45:09', '2007-08-26 18:15:26');
INSERT INTO `messages_media_files` (`message_id`, `media_file_id`, `created_at`, `updated_at`) VALUES (52, 52, '2018-02-02 00:33:16', '2016-07-29 14:26:43');
INSERT INTO `messages_media_files` (`message_id`, `media_file_id`, `created_at`, `updated_at`) VALUES (53, 53, '1975-04-28 02:07:41', '1973-05-23 05:22:14');
INSERT INTO `messages_media_files` (`message_id`, `media_file_id`, `created_at`, `updated_at`) VALUES (54, 54, '2015-01-14 00:19:13', '1998-02-10 19:48:50');
INSERT INTO `messages_media_files` (`message_id`, `media_file_id`, `created_at`, `updated_at`) VALUES (55, 55, '2016-02-10 14:45:02', '2005-12-24 06:40:17');
INSERT INTO `messages_media_files` (`message_id`, `media_file_id`, `created_at`, `updated_at`) VALUES (56, 56, '2014-06-01 10:20:09', '1987-07-29 08:58:05');
INSERT INTO `messages_media_files` (`message_id`, `media_file_id`, `created_at`, `updated_at`) VALUES (57, 57, '2006-03-21 07:20:22', '2012-10-20 23:22:19');
INSERT INTO `messages_media_files` (`message_id`, `media_file_id`, `created_at`, `updated_at`) VALUES (58, 58, '1994-02-17 12:03:32', '1970-06-19 17:59:46');
INSERT INTO `messages_media_files` (`message_id`, `media_file_id`, `created_at`, `updated_at`) VALUES (59, 59, '2017-11-04 17:03:51', '2002-02-06 05:37:17');
INSERT INTO `messages_media_files` (`message_id`, `media_file_id`, `created_at`, `updated_at`) VALUES (60, 60, '2007-12-09 09:19:37', '1975-07-22 20:30:21');
INSERT INTO `messages_media_files` (`message_id`, `media_file_id`, `created_at`, `updated_at`) VALUES (61, 61, '2011-12-29 18:25:07', '2017-03-26 13:12:25');
INSERT INTO `messages_media_files` (`message_id`, `media_file_id`, `created_at`, `updated_at`) VALUES (62, 62, '1996-09-22 10:03:44', '1997-02-16 10:22:25');
INSERT INTO `messages_media_files` (`message_id`, `media_file_id`, `created_at`, `updated_at`) VALUES (63, 63, '2004-02-23 12:52:09', '1980-07-25 05:32:06');
INSERT INTO `messages_media_files` (`message_id`, `media_file_id`, `created_at`, `updated_at`) VALUES (64, 64, '2012-05-22 21:05:22', '2021-02-28 04:33:05');
INSERT INTO `messages_media_files` (`message_id`, `media_file_id`, `created_at`, `updated_at`) VALUES (65, 65, '2020-06-18 09:31:23', '1989-12-09 12:00:16');
INSERT INTO `messages_media_files` (`message_id`, `media_file_id`, `created_at`, `updated_at`) VALUES (66, 66, '1982-06-25 04:45:51', '1990-11-30 16:47:59');
INSERT INTO `messages_media_files` (`message_id`, `media_file_id`, `created_at`, `updated_at`) VALUES (67, 67, '1991-08-31 08:53:59', '2004-01-07 17:35:43');
INSERT INTO `messages_media_files` (`message_id`, `media_file_id`, `created_at`, `updated_at`) VALUES (68, 68, '1980-10-21 12:13:39', '2005-01-26 12:54:40');
INSERT INTO `messages_media_files` (`message_id`, `media_file_id`, `created_at`, `updated_at`) VALUES (69, 69, '1994-10-05 11:53:54', '1993-07-30 05:27:27');
INSERT INTO `messages_media_files` (`message_id`, `media_file_id`, `created_at`, `updated_at`) VALUES (70, 70, '2016-04-05 06:41:43', '2008-11-03 12:16:19');
INSERT INTO `messages_media_files` (`message_id`, `media_file_id`, `created_at`, `updated_at`) VALUES (71, 71, '1982-05-27 19:50:49', '2010-01-17 08:14:49');
INSERT INTO `messages_media_files` (`message_id`, `media_file_id`, `created_at`, `updated_at`) VALUES (72, 72, '2019-01-25 14:24:43', '1976-09-02 17:59:54');
INSERT INTO `messages_media_files` (`message_id`, `media_file_id`, `created_at`, `updated_at`) VALUES (73, 73, '2009-07-30 05:30:41', '2007-10-10 08:33:32');
INSERT INTO `messages_media_files` (`message_id`, `media_file_id`, `created_at`, `updated_at`) VALUES (74, 74, '2008-12-26 15:26:23', '1981-10-08 00:59:59');
INSERT INTO `messages_media_files` (`message_id`, `media_file_id`, `created_at`, `updated_at`) VALUES (75, 75, '1982-06-26 03:32:03', '1973-02-08 08:23:10');
INSERT INTO `messages_media_files` (`message_id`, `media_file_id`, `created_at`, `updated_at`) VALUES (76, 76, '1987-02-18 07:17:28', '1987-06-06 04:45:54');
INSERT INTO `messages_media_files` (`message_id`, `media_file_id`, `created_at`, `updated_at`) VALUES (77, 77, '1983-10-22 21:46:22', '2008-07-22 14:41:52');
INSERT INTO `messages_media_files` (`message_id`, `media_file_id`, `created_at`, `updated_at`) VALUES (78, 78, '2003-06-04 22:00:19', '1973-03-15 14:45:28');
INSERT INTO `messages_media_files` (`message_id`, `media_file_id`, `created_at`, `updated_at`) VALUES (79, 79, '1991-07-18 10:21:56', '2020-01-05 17:41:28');
INSERT INTO `messages_media_files` (`message_id`, `media_file_id`, `created_at`, `updated_at`) VALUES (80, 80, '1999-11-02 16:07:04', '1992-03-20 08:29:29');
INSERT INTO `messages_media_files` (`message_id`, `media_file_id`, `created_at`, `updated_at`) VALUES (81, 81, '2018-08-26 10:38:12', '1992-02-01 03:49:07');
INSERT INTO `messages_media_files` (`message_id`, `media_file_id`, `created_at`, `updated_at`) VALUES (82, 82, '1995-02-26 03:32:56', '1970-06-17 16:11:11');
INSERT INTO `messages_media_files` (`message_id`, `media_file_id`, `created_at`, `updated_at`) VALUES (83, 83, '1999-09-20 05:09:03', '2005-09-23 12:40:12');
INSERT INTO `messages_media_files` (`message_id`, `media_file_id`, `created_at`, `updated_at`) VALUES (84, 84, '2010-02-04 08:06:54', '1976-05-22 13:25:16');
INSERT INTO `messages_media_files` (`message_id`, `media_file_id`, `created_at`, `updated_at`) VALUES (85, 85, '2015-01-11 18:18:37', '1996-08-21 08:01:26');
INSERT INTO `messages_media_files` (`message_id`, `media_file_id`, `created_at`, `updated_at`) VALUES (86, 86, '2004-06-07 22:26:49', '2011-08-19 03:12:20');
INSERT INTO `messages_media_files` (`message_id`, `media_file_id`, `created_at`, `updated_at`) VALUES (87, 87, '1988-10-15 17:13:41', '2015-07-05 00:27:06');
INSERT INTO `messages_media_files` (`message_id`, `media_file_id`, `created_at`, `updated_at`) VALUES (88, 88, '1980-01-13 14:47:43', '2021-07-03 17:53:39');
INSERT INTO `messages_media_files` (`message_id`, `media_file_id`, `created_at`, `updated_at`) VALUES (89, 89, '2002-06-17 12:55:25', '1976-10-27 17:29:44');
INSERT INTO `messages_media_files` (`message_id`, `media_file_id`, `created_at`, `updated_at`) VALUES (90, 90, '1999-12-21 18:01:15', '1997-04-10 15:23:09');
INSERT INTO `messages_media_files` (`message_id`, `media_file_id`, `created_at`, `updated_at`) VALUES (91, 91, '2001-12-17 03:10:38', '2014-11-17 10:41:45');
INSERT INTO `messages_media_files` (`message_id`, `media_file_id`, `created_at`, `updated_at`) VALUES (92, 92, '1982-11-20 07:37:57', '2010-12-23 04:54:23');
INSERT INTO `messages_media_files` (`message_id`, `media_file_id`, `created_at`, `updated_at`) VALUES (93, 93, '1994-05-09 04:46:45', '1990-06-11 08:00:21');
INSERT INTO `messages_media_files` (`message_id`, `media_file_id`, `created_at`, `updated_at`) VALUES (94, 94, '1998-09-15 03:05:23', '2009-04-16 20:09:54');
INSERT INTO `messages_media_files` (`message_id`, `media_file_id`, `created_at`, `updated_at`) VALUES (95, 95, '1974-07-18 12:09:10', '1971-08-19 04:30:43');
INSERT INTO `messages_media_files` (`message_id`, `media_file_id`, `created_at`, `updated_at`) VALUES (96, 96, '1993-07-26 04:34:55', '2016-12-31 17:10:27');
INSERT INTO `messages_media_files` (`message_id`, `media_file_id`, `created_at`, `updated_at`) VALUES (97, 97, '2011-04-22 02:34:54', '1995-09-11 15:42:23');
INSERT INTO `messages_media_files` (`message_id`, `media_file_id`, `created_at`, `updated_at`) VALUES (98, 98, '2011-09-28 14:32:38', '1978-01-05 00:20:22');
INSERT INTO `messages_media_files` (`message_id`, `media_file_id`, `created_at`, `updated_at`) VALUES (99, 99, '1978-07-30 01:27:54', '1999-05-04 21:30:22');
INSERT INTO `messages_media_files` (`message_id`, `media_file_id`, `created_at`, `updated_at`) VALUES (100, 100, '2020-09-14 13:12:33', '2019-02-16 07:59:27');


INSERT INTO `posts` (`id`, `user_id`, `community_id`, `visibility`, `post_body`, `created_at`, `updated_at`) VALUES (101, 1, 1, 'hic', 'Reiciendis voluptatibus possimus incidunt enim. Mollitia est voluptatem eum. Magnam dolor unde cum ipsam. Sed dolores et aspernatur quaerat laudantium quia.', '1977-10-25 13:13:50', '2000-07-14 20:41:20');
INSERT INTO `posts` (`id`, `user_id`, `community_id`, `visibility`, `post_body`, `created_at`, `updated_at`) VALUES (102, 2, 2, 'hic', 'Dolorem adipisci non eum ad facilis. Adipisci quis et accusantium qui perferendis corporis ea. Id non nemo quas laborum cupiditate nihil.', '1986-12-19 19:26:54', '1980-01-04 08:56:50');
INSERT INTO `posts` (`id`, `user_id`, `community_id`, `visibility`, `post_body`, `created_at`, `updated_at`) VALUES (103, 3, 3, 'hic', 'Eos quaerat cupiditate laudantium deleniti at. Natus fugit et veniam cumque asperiores iure deserunt et.', '1984-03-18 16:12:41', '2000-02-23 03:21:50');
INSERT INTO `posts` (`id`, `user_id`, `community_id`, `visibility`, `post_body`, `created_at`, `updated_at`) VALUES (104, 4, 4, 'hic', 'Et dolor quae ab minus quia. Provident eos nisi distinctio aspernatur suscipit tempora. Et exercitationem et fuga voluptatem. Non nostrum unde sed sequi dolorem aut autem.', '1978-05-25 08:55:59', '1977-02-04 08:25:17');
INSERT INTO `posts` (`id`, `user_id`, `community_id`, `visibility`, `post_body`, `created_at`, `updated_at`) VALUES (105, 5, 5, 'ad', 'Non aut ut quia suscipit. Omnis voluptatibus aut culpa veritatis qui sequi distinctio autem. Quo qui laboriosam nobis enim architecto.', '1974-04-02 15:37:44', '1973-02-06 11:34:26');
INSERT INTO `posts` (`id`, `user_id`, `community_id`, `visibility`, `post_body`, `created_at`, `updated_at`) VALUES (106, 6, 6, 'hic', 'Quia eaque quia et deleniti ipsum illum praesentium. Laboriosam voluptatem labore distinctio odit. Itaque autem esse dolor tempora eos ea.', '1974-07-12 14:41:42', '2004-01-20 13:13:38');
INSERT INTO `posts` (`id`, `user_id`, `community_id`, `visibility`, `post_body`, `created_at`, `updated_at`) VALUES (107, 7, 7, 'ad', 'Quia vero asperiores atque itaque. Qui molestiae distinctio voluptatem voluptate dicta ex molestiae. Magni eum nostrum excepturi nisi possimus sit voluptatem.', '2000-01-12 00:59:27', '2010-11-17 04:31:38');
INSERT INTO `posts` (`id`, `user_id`, `community_id`, `visibility`, `post_body`, `created_at`, `updated_at`) VALUES (108, 8, 8, 'ad', 'Omnis aspernatur soluta corrupti sed. Quia aut cumque deserunt dolore sequi. Esse perspiciatis sed maxime totam. Rem alias nisi sit eaque deserunt consequatur voluptate.', '1992-03-21 12:30:28', '1978-03-05 07:53:03');
INSERT INTO `posts` (`id`, `user_id`, `community_id`, `visibility`, `post_body`, `created_at`, `updated_at`) VALUES (109, 9, 9, 'hic', 'Deleniti quia voluptas dolorum unde voluptatem. Porro ut temporibus sit labore vel quia aliquid. Sequi earum iusto possimus voluptate at a reiciendis qui. Velit autem voluptatem mollitia.', '1992-12-03 11:47:59', '1979-08-16 22:35:33');
INSERT INTO `posts` (`id`, `user_id`, `community_id`, `visibility`, `post_body`, `created_at`, `updated_at`) VALUES (110, 10, 10, 'ad', 'Sit quis iusto et animi. Ipsum neque deleniti vitae sint.', '1990-02-28 10:28:45', '2017-11-04 00:49:27');
INSERT INTO `posts` (`id`, `user_id`, `community_id`, `visibility`, `post_body`, `created_at`, `updated_at`) VALUES (111, 11, 11, 'hic', 'Consectetur labore itaque quia. Temporibus omnis ut impedit nesciunt saepe unde deserunt. Ducimus labore sunt corporis repellat laudantium. Qui animi quibusdam aut ut provident et neque.', '1980-12-04 20:53:06', '2014-12-29 19:35:22');
INSERT INTO `posts` (`id`, `user_id`, `community_id`, `visibility`, `post_body`, `created_at`, `updated_at`) VALUES (112, 12, 12, 'ad', 'Et nam culpa et omnis quis. Nobis quia nihil assumenda est rem. Quis corrupti corporis similique voluptas accusamus velit alias. Fugit quia saepe eius sit sed voluptates neque.', '1974-09-29 18:13:46', '1998-03-22 03:38:52');
INSERT INTO `posts` (`id`, `user_id`, `community_id`, `visibility`, `post_body`, `created_at`, `updated_at`) VALUES (113, 13, 13, 'ad', 'Quia qui saepe et quia. Quo nulla perferendis debitis autem porro. Molestiae ea et exercitationem et.', '1970-10-28 17:45:15', '1995-12-05 08:22:10');
INSERT INTO `posts` (`id`, `user_id`, `community_id`, `visibility`, `post_body`, `created_at`, `updated_at`) VALUES (114, 14, 14, 'hic', 'Ducimus molestias magnam repellendus numquam. Maiores explicabo vero error magnam sunt ratione nam. Beatae nulla quasi voluptate. Doloribus ut cupiditate pariatur ut totam reiciendis ducimus. Amet accusamus aliquid inventore.', '1990-10-30 02:25:43', '1988-08-18 04:25:44');
INSERT INTO `posts` (`id`, `user_id`, `community_id`, `visibility`, `post_body`, `created_at`, `updated_at`) VALUES (115, 15, 15, 'hic', 'Repellendus aliquam repellendus et ducimus. Quia eligendi laboriosam aliquid non sed. Necessitatibus quo qui ipsum.', '2000-05-16 11:06:29', '1995-03-31 03:45:41');
INSERT INTO `posts` (`id`, `user_id`, `community_id`, `visibility`, `post_body`, `created_at`, `updated_at`) VALUES (116, 16, 16, 'hic', 'Nihil ad ut mollitia iste nisi assumenda excepturi. Veritatis nulla maiores ut quia. Officiis atque molestiae ut ipsam illum dolor itaque excepturi. Quaerat qui eaque quidem. Provident distinctio laborum quasi reiciendis ratione consectetur.', '2020-10-24 10:59:06', '1988-07-04 09:23:41');
INSERT INTO `posts` (`id`, `user_id`, `community_id`, `visibility`, `post_body`, `created_at`, `updated_at`) VALUES (117, 17, 17, 'ad', 'Unde porro eveniet dolores dolor et. Molestiae blanditiis harum alias voluptate commodi eum. Cupiditate nam tenetur consequatur enim velit.', '1977-10-06 23:44:06', '1972-08-21 21:25:10');
INSERT INTO `posts` (`id`, `user_id`, `community_id`, `visibility`, `post_body`, `created_at`, `updated_at`) VALUES (118, 18, 18, 'hic', 'Eum doloremque sapiente omnis earum voluptas harum voluptatem. Quos alias maiores qui. Aut et magni necessitatibus deleniti aut id sunt. Quas optio cumque eligendi ut. Dolorem ducimus iusto provident nihil veniam.', '2005-02-23 20:04:28', '2010-04-28 12:03:35');
INSERT INTO `posts` (`id`, `user_id`, `community_id`, `visibility`, `post_body`, `created_at`, `updated_at`) VALUES (119, 19, 19, 'ad', 'Consectetur sit illum nesciunt vero. Asperiores eaque vel officiis officia minus. Non repellendus dicta neque laborum. Dolor natus repudiandae illo.', '2018-05-13 08:50:34', '2013-12-04 22:00:24');
INSERT INTO `posts` (`id`, `user_id`, `community_id`, `visibility`, `post_body`, `created_at`, `updated_at`) VALUES (120, 20, 20, 'hic', 'Nostrum harum nulla facere qui qui iusto rerum. Et voluptatem adipisci porro omnis enim.', '1982-02-06 13:49:57', '2012-06-06 16:20:13');
INSERT INTO `posts` (`id`, `user_id`, `community_id`, `visibility`, `post_body`, `created_at`, `updated_at`) VALUES (121, 21, 21, 'ad', 'Eveniet quia aut dolores at facilis. Delectus tenetur soluta nihil qui ab adipisci velit impedit. Quo iure deserunt id inventore non fugit dolorem. Labore possimus commodi recusandae distinctio reprehenderit sequi consectetur mollitia.', '1970-08-24 09:33:50', '2015-07-06 03:47:49');
INSERT INTO `posts` (`id`, `user_id`, `community_id`, `visibility`, `post_body`, `created_at`, `updated_at`) VALUES (122, 22, 22, 'ad', 'Est incidunt exercitationem velit nisi autem voluptatem sed. Aut tenetur dolorum quos quia nam autem. Possimus veniam est aspernatur. Error ipsam velit itaque est autem sunt sed.', '1984-04-10 04:58:30', '1992-02-28 12:28:27');
INSERT INTO `posts` (`id`, `user_id`, `community_id`, `visibility`, `post_body`, `created_at`, `updated_at`) VALUES (123, 23, 23, 'hic', 'Perspiciatis sed aut aspernatur tempore nemo. Modi voluptatem doloremque temporibus odio non itaque ea. Nobis consectetur nisi et.', '2004-01-13 17:55:51', '1993-01-11 15:38:12');
INSERT INTO `posts` (`id`, `user_id`, `community_id`, `visibility`, `post_body`, `created_at`, `updated_at`) VALUES (124, 24, 24, 'hic', 'Maxime aut quis deleniti omnis ducimus. Occaecati quas deserunt et voluptatem perspiciatis id a.', '2008-03-22 10:42:34', '1979-09-13 15:47:04');
INSERT INTO `posts` (`id`, `user_id`, `community_id`, `visibility`, `post_body`, `created_at`, `updated_at`) VALUES (125, 25, 25, 'hic', 'A sequi ex ut et. Aut quam sequi et sed. Velit ipsa ad veritatis nesciunt iusto eos quis.', '2016-12-01 12:38:46', '1993-03-21 06:49:37');
INSERT INTO `posts` (`id`, `user_id`, `community_id`, `visibility`, `post_body`, `created_at`, `updated_at`) VALUES (126, 26, 26, 'hic', 'Nostrum ratione voluptas dignissimos facilis eius. Dolorem ut ex aut voluptates. Alias et placeat perspiciatis eveniet nesciunt hic.', '2021-02-14 16:05:15', '2017-03-10 02:32:17');
INSERT INTO `posts` (`id`, `user_id`, `community_id`, `visibility`, `post_body`, `created_at`, `updated_at`) VALUES (127, 27, 27, 'hic', 'Nihil praesentium labore sit voluptas odit aut fugit dolorem. Dolor corrupti atque sapiente. Ut molestiae voluptatibus ut praesentium ea. Optio commodi nobis quisquam consectetur a inventore reiciendis quos.', '2019-05-11 08:20:25', '1975-05-11 18:59:47');
INSERT INTO `posts` (`id`, `user_id`, `community_id`, `visibility`, `post_body`, `created_at`, `updated_at`) VALUES (128, 28, 28, 'ad', 'Deleniti sit cupiditate quis harum voluptatem. Sit omnis beatae deleniti occaecati. Cum et blanditiis laborum repellendus fugiat ullam assumenda. Molestiae et expedita non vero delectus eius.', '1991-01-09 01:40:56', '1979-04-29 22:09:17');
INSERT INTO `posts` (`id`, `user_id`, `community_id`, `visibility`, `post_body`, `created_at`, `updated_at`) VALUES (129, 29, 29, 'ad', 'Illum eum quos qui placeat. Quis non omnis alias dolorem deserunt commodi provident.', '1981-08-19 00:34:35', '1976-08-04 04:21:53');
INSERT INTO `posts` (`id`, `user_id`, `community_id`, `visibility`, `post_body`, `created_at`, `updated_at`) VALUES (130, 30, 30, 'ad', 'Sunt eius iure velit corrupti assumenda ut. Et labore quia qui sit.', '1993-07-03 19:28:11', '1987-03-14 22:21:21');
INSERT INTO `posts` (`id`, `user_id`, `community_id`, `visibility`, `post_body`, `created_at`, `updated_at`) VALUES (131, 31, 31, 'hic', 'Exercitationem laudantium nobis incidunt sequi ducimus dicta voluptas. Aut architecto earum deserunt maxime sunt. Et numquam laudantium dolores tempora incidunt.', '1981-07-09 17:22:49', '2010-12-23 10:28:53');
INSERT INTO `posts` (`id`, `user_id`, `community_id`, `visibility`, `post_body`, `created_at`, `updated_at`) VALUES (132, 32, 32, 'hic', 'Voluptatibus ex dolorum cum odio nulla repellendus qui. Voluptatem in quos consequatur tenetur suscipit. Similique et qui eos tenetur qui dignissimos. Dolorem blanditiis suscipit aut molestias.', '1984-06-20 14:26:28', '2011-08-12 20:39:40');
INSERT INTO `posts` (`id`, `user_id`, `community_id`, `visibility`, `post_body`, `created_at`, `updated_at`) VALUES (133, 33, 33, 'ad', 'Libero mollitia quae voluptates ipsum qui libero. Qui qui et omnis eveniet ex. Ipsam earum inventore possimus omnis quaerat.', '2003-01-22 15:15:55', '1979-05-20 17:46:22');
INSERT INTO `posts` (`id`, `user_id`, `community_id`, `visibility`, `post_body`, `created_at`, `updated_at`) VALUES (134, 34, 34, 'hic', 'Recusandae quisquam quia perferendis similique voluptates. Qui at iure ut molestiae voluptates et.', '2010-09-09 14:41:15', '1979-05-10 06:10:20');
INSERT INTO `posts` (`id`, `user_id`, `community_id`, `visibility`, `post_body`, `created_at`, `updated_at`) VALUES (135, 35, 35, 'hic', 'Sit voluptas voluptas odio natus quasi earum. Laborum sed velit similique perspiciatis provident. Culpa ut mollitia quod accusamus ipsa. Et reprehenderit aut nisi sapiente adipisci qui.', '2020-05-15 07:27:56', '1975-08-20 21:35:13');
INSERT INTO `posts` (`id`, `user_id`, `community_id`, `visibility`, `post_body`, `created_at`, `updated_at`) VALUES (136, 36, 36, 'ad', 'Consequatur dicta recusandae excepturi perspiciatis totam dolorem laudantium. Quia est quasi at est. Sed enim maxime earum totam dolorem eaque. Aspernatur vel est exercitationem illum.', '1979-07-21 01:16:15', '2009-10-10 03:15:45');
INSERT INTO `posts` (`id`, `user_id`, `community_id`, `visibility`, `post_body`, `created_at`, `updated_at`) VALUES (137, 37, 37, 'ad', 'A quidem dignissimos dolore ut quae sunt dolores vero. Nesciunt similique nobis reiciendis ut corrupti. Eligendi aut excepturi eos maxime magnam qui.', '2016-04-18 19:16:43', '2014-12-24 11:20:39');
INSERT INTO `posts` (`id`, `user_id`, `community_id`, `visibility`, `post_body`, `created_at`, `updated_at`) VALUES (138, 38, 38, 'hic', 'Quaerat voluptatum praesentium maiores fugit cupiditate ducimus blanditiis accusantium. Eius aliquam cupiditate dolor dolorem. Possimus qui quaerat nihil ut sunt repudiandae.', '2019-01-30 16:05:30', '1996-07-02 22:20:44');
INSERT INTO `posts` (`id`, `user_id`, `community_id`, `visibility`, `post_body`, `created_at`, `updated_at`) VALUES (139, 39, 39, 'hic', 'Quam nisi id quas et ut qui. Incidunt magnam nobis neque officia. Hic officiis quam odit necessitatibus.', '1981-06-11 22:26:20', '2003-02-24 05:24:41');
INSERT INTO `posts` (`id`, `user_id`, `community_id`, `visibility`, `post_body`, `created_at`, `updated_at`) VALUES (140, 40, 40, 'ad', 'Doloremque fuga eum quo quo consectetur eum corporis. Voluptas tempore perspiciatis architecto. Ut totam aut doloremque aliquid aperiam non.', '1978-11-19 17:05:46', '1972-01-02 03:48:29');
INSERT INTO `posts` (`id`, `user_id`, `community_id`, `visibility`, `post_body`, `created_at`, `updated_at`) VALUES (141, 41, 41, 'ad', 'Nihil quis dolores quia incidunt. Velit tempore architecto consequatur eos.', '1982-10-01 05:20:52', '1974-04-15 19:23:17');
INSERT INTO `posts` (`id`, `user_id`, `community_id`, `visibility`, `post_body`, `created_at`, `updated_at`) VALUES (142, 42, 42, 'hic', 'Fugiat nulla quia eos modi qui. Doloribus voluptatem itaque ut expedita aut est dolores. Quaerat nobis molestias dolore natus perspiciatis dolor iusto.', '1982-03-02 14:02:18', '2017-09-16 03:22:11');
INSERT INTO `posts` (`id`, `user_id`, `community_id`, `visibility`, `post_body`, `created_at`, `updated_at`) VALUES (143, 43, 43, 'ad', 'Rerum ut aut animi animi ratione quae. Ipsa sit quos repellat consequatur recusandae molestiae culpa nihil. Alias quisquam officia quibusdam dolor et laborum.', '1992-09-24 20:40:38', '1972-09-28 06:16:25');
INSERT INTO `posts` (`id`, `user_id`, `community_id`, `visibility`, `post_body`, `created_at`, `updated_at`) VALUES (144, 44, 44, 'ad', 'Doloremque cum et aut sequi. Exercitationem sit dolor quos deleniti fuga. Vel ratione quis neque aut quaerat nesciunt et illo.', '2008-09-04 06:38:35', '1970-03-27 11:28:59');
INSERT INTO `posts` (`id`, `user_id`, `community_id`, `visibility`, `post_body`, `created_at`, `updated_at`) VALUES (145, 45, 45, 'ad', 'Eius sed sed voluptatem accusamus adipisci dignissimos. Pariatur mollitia quas perferendis sapiente. Possimus animi enim iure est et minima repellat.', '1973-05-17 06:44:41', '2010-09-29 06:29:38');
INSERT INTO `posts` (`id`, `user_id`, `community_id`, `visibility`, `post_body`, `created_at`, `updated_at`) VALUES (146, 46, 46, 'ad', 'Perspiciatis impedit quae sit maxime tempore. Eveniet incidunt voluptate ipsum et. Quia aut sed eligendi velit. Assumenda sed ut consectetur harum inventore voluptas. Expedita quia aliquam assumenda consequatur neque iure consequatur.', '2003-08-13 11:17:55', '1998-02-05 15:54:47');
INSERT INTO `posts` (`id`, `user_id`, `community_id`, `visibility`, `post_body`, `created_at`, `updated_at`) VALUES (147, 47, 47, 'hic', 'Blanditiis aut rerum facilis porro itaque corrupti assumenda voluptas. Error dicta quos facere magnam praesentium quia porro quod. Excepturi nemo alias sed qui ducimus tempore.', '2007-03-10 18:45:41', '1986-11-27 18:39:25');
INSERT INTO `posts` (`id`, `user_id`, `community_id`, `visibility`, `post_body`, `created_at`, `updated_at`) VALUES (148, 48, 48, 'ad', 'Occaecati explicabo voluptatibus aut. Impedit maxime quo esse fugit iure nesciunt odio.', '2001-07-24 16:15:45', '1994-05-06 07:05:28');
INSERT INTO `posts` (`id`, `user_id`, `community_id`, `visibility`, `post_body`, `created_at`, `updated_at`) VALUES (149, 49, 49, 'hic', 'Rerum omnis amet ipsum et ut ut. Ipsa laborum atque voluptas eum et. Excepturi at veniam quam ea qui. Iusto soluta magnam vitae est nostrum.', '2001-03-13 21:47:06', '2001-06-11 05:07:23');
INSERT INTO `posts` (`id`, `user_id`, `community_id`, `visibility`, `post_body`, `created_at`, `updated_at`) VALUES (150, 50, 50, 'ad', 'Aut quibusdam autem eos voluptas beatae enim veniam. Aut reiciendis sed blanditiis officia ab vel. Voluptatum nihil inventore nulla porro quos.', '2007-03-09 09:14:18', '1994-11-28 17:08:08');
INSERT INTO `posts` (`id`, `user_id`, `community_id`, `visibility`, `post_body`, `created_at`, `updated_at`) VALUES (151, 51, 51, 'ad', 'Voluptas cupiditate dignissimos placeat illum voluptas vel consectetur. Et esse voluptates eaque expedita. Harum magnam nostrum ipsa nesciunt voluptas.', '1970-01-09 09:51:40', '1996-08-23 08:27:12');
INSERT INTO `posts` (`id`, `user_id`, `community_id`, `visibility`, `post_body`, `created_at`, `updated_at`) VALUES (152, 52, 52, 'hic', 'Error voluptatem laboriosam voluptas quis molestiae error sed at. Nemo omnis delectus explicabo aut qui voluptate laborum laboriosam. Praesentium illo consequatur tempore est dolor.', '1970-06-21 22:57:08', '1974-05-17 07:23:36');
INSERT INTO `posts` (`id`, `user_id`, `community_id`, `visibility`, `post_body`, `created_at`, `updated_at`) VALUES (153, 53, 53, 'ad', 'Alias sed ut eum doloremque sapiente ut eveniet. Suscipit quaerat debitis repellat nulla. Ut blanditiis quo et impedit et.', '2016-08-02 06:32:30', '1985-10-01 11:55:28');
INSERT INTO `posts` (`id`, `user_id`, `community_id`, `visibility`, `post_body`, `created_at`, `updated_at`) VALUES (154, 54, 54, 'ad', 'Quia earum blanditiis corrupti aut incidunt. Sint consequatur doloremque sit et. Laborum et et sit non facere.', '1974-10-01 05:39:24', '1972-06-26 11:45:35');
INSERT INTO `posts` (`id`, `user_id`, `community_id`, `visibility`, `post_body`, `created_at`, `updated_at`) VALUES (155, 55, 55, 'ad', 'Odit quis sunt nulla voluptatem tempora rerum. Quae eius impedit tempora non rerum. Blanditiis tempora aliquid consequatur voluptatem ullam sit perferendis. Aliquid nemo rerum ea neque sed labore mollitia.', '1983-05-17 23:45:39', '1991-06-30 10:37:30');
INSERT INTO `posts` (`id`, `user_id`, `community_id`, `visibility`, `post_body`, `created_at`, `updated_at`) VALUES (156, 56, 56, 'ad', 'Laboriosam est autem quis quaerat voluptatibus pariatur porro. Ipsa explicabo sapiente qui voluptatem aspernatur esse possimus molestias. Distinctio sint sapiente dicta similique expedita eos.', '1985-11-28 20:05:48', '1995-12-04 10:25:04');
INSERT INTO `posts` (`id`, `user_id`, `community_id`, `visibility`, `post_body`, `created_at`, `updated_at`) VALUES (157, 57, 57, 'hic', 'Occaecati quia voluptatem nostrum. Quidem provident fugit reiciendis dolorem totam. Facere et omnis et.', '2021-06-02 06:17:16', '1999-02-17 08:54:33');
INSERT INTO `posts` (`id`, `user_id`, `community_id`, `visibility`, `post_body`, `created_at`, `updated_at`) VALUES (158, 58, 58, 'ad', 'Sint ut alias incidunt. Nostrum ut maxime sunt sint. Asperiores aut molestias enim. Voluptatum nobis ab perspiciatis et quas.', '2004-09-05 11:21:10', '2013-06-04 00:03:10');
INSERT INTO `posts` (`id`, `user_id`, `community_id`, `visibility`, `post_body`, `created_at`, `updated_at`) VALUES (159, 59, 59, 'ad', 'Magni dolore asperiores alias. Error minima nobis dolorum voluptate. Doloribus enim sit corrupti consequatur ipsa similique.', '1992-12-25 07:54:14', '2002-03-19 22:53:54');
INSERT INTO `posts` (`id`, `user_id`, `community_id`, `visibility`, `post_body`, `created_at`, `updated_at`) VALUES (160, 60, 60, 'hic', 'Nihil sed adipisci sunt illum. Qui voluptas molestias voluptates eligendi vel porro repudiandae error. Ut veniam iusto recusandae ex incidunt aut et.', '2005-12-28 00:16:18', '1980-04-27 02:46:16');
INSERT INTO `posts` (`id`, `user_id`, `community_id`, `visibility`, `post_body`, `created_at`, `updated_at`) VALUES (161, 61, 61, 'hic', 'Modi natus et tenetur sequi et sunt quidem. Ut hic ut fugit quos. Sit nesciunt magni dolorum dolore.', '1990-09-15 00:32:25', '2011-03-18 21:53:33');
INSERT INTO `posts` (`id`, `user_id`, `community_id`, `visibility`, `post_body`, `created_at`, `updated_at`) VALUES (162, 62, 62, 'ad', 'Est distinctio perspiciatis voluptates quaerat et debitis eveniet. Voluptatem eius recusandae est optio qui numquam. Praesentium sint voluptas illo ut. Sit quod illo ut dolorem non.', '2009-09-30 08:27:47', '1977-01-28 05:23:36');
INSERT INTO `posts` (`id`, `user_id`, `community_id`, `visibility`, `post_body`, `created_at`, `updated_at`) VALUES (163, 63, 63, 'hic', 'Unde sunt quae velit. Quasi dolores asperiores expedita beatae at. Rerum aut reprehenderit maiores architecto.', '1999-09-03 00:58:10', '1991-08-01 07:37:49');
INSERT INTO `posts` (`id`, `user_id`, `community_id`, `visibility`, `post_body`, `created_at`, `updated_at`) VALUES (164, 64, 64, 'hic', 'Illo necessitatibus quo dignissimos possimus accusantium cum. Ratione quaerat et nam officia et ex. Fugiat ullam non unde tempore. Tenetur qui doloremque reprehenderit earum illum. Sit eum consequatur est maxime.', '1983-05-26 04:34:03', '1992-08-24 19:24:38');
INSERT INTO `posts` (`id`, `user_id`, `community_id`, `visibility`, `post_body`, `created_at`, `updated_at`) VALUES (165, 65, 65, 'hic', 'Quia eligendi voluptatem assumenda consequatur dolorem. Sed distinctio quisquam soluta est. Rerum corrupti sint voluptas blanditiis.', '1988-02-13 07:08:09', '2009-10-11 13:00:23');
INSERT INTO `posts` (`id`, `user_id`, `community_id`, `visibility`, `post_body`, `created_at`, `updated_at`) VALUES (166, 66, 66, 'hic', 'Esse est velit porro quia similique hic. Unde repudiandae tempora non et consequatur.', '1978-04-17 23:12:30', '1971-06-17 04:58:01');
INSERT INTO `posts` (`id`, `user_id`, `community_id`, `visibility`, `post_body`, `created_at`, `updated_at`) VALUES (167, 67, 67, 'hic', 'Atque et sed ratione pariatur et fuga itaque recusandae. Excepturi quis voluptas neque.', '1995-07-17 23:59:05', '1997-01-06 05:08:17');
INSERT INTO `posts` (`id`, `user_id`, `community_id`, `visibility`, `post_body`, `created_at`, `updated_at`) VALUES (168, 68, 68, 'ad', 'Nostrum omnis sunt earum molestias voluptate consequatur tenetur repellat. Tenetur voluptatem sapiente libero voluptate velit enim impedit enim. Consectetur quod natus doloribus corporis nihil sunt voluptatem.', '1975-09-27 06:03:19', '2011-03-16 14:10:04');
INSERT INTO `posts` (`id`, `user_id`, `community_id`, `visibility`, `post_body`, `created_at`, `updated_at`) VALUES (169, 69, 69, 'ad', 'Dolores recusandae enim atque quia nisi ut. Necessitatibus itaque necessitatibus officia voluptas. Ut doloribus et rerum similique soluta maxime dolore eos. Aut officiis possimus est voluptate dignissimos.', '2013-10-01 15:54:42', '2011-08-13 01:08:52');
INSERT INTO `posts` (`id`, `user_id`, `community_id`, `visibility`, `post_body`, `created_at`, `updated_at`) VALUES (170, 70, 70, 'hic', 'Est quia molestiae quia quia inventore ullam et nostrum. Ipsam ipsa architecto aut maiores et aliquam. Ratione nam maxime odio tempore.', '1988-06-15 08:20:37', '1992-11-14 20:33:42');
INSERT INTO `posts` (`id`, `user_id`, `community_id`, `visibility`, `post_body`, `created_at`, `updated_at`) VALUES (171, 71, 71, 'ad', 'Temporibus consequuntur qui suscipit. Rerum dolores est vel omnis ut id. Blanditiis suscipit temporibus quis maxime maxime. Nihil perspiciatis quibusdam in. Debitis non et voluptatem cum veritatis et.', '2015-11-05 06:18:32', '1992-09-25 02:08:46');
INSERT INTO `posts` (`id`, `user_id`, `community_id`, `visibility`, `post_body`, `created_at`, `updated_at`) VALUES (172, 72, 72, 'hic', 'Eum blanditiis id labore et quam. Tempora assumenda ut non tempora cumque et. Iusto sit qui provident est qui beatae perferendis voluptatem.', '2019-06-25 04:05:54', '2009-02-14 18:26:21');
INSERT INTO `posts` (`id`, `user_id`, `community_id`, `visibility`, `post_body`, `created_at`, `updated_at`) VALUES (173, 73, 73, 'ad', 'Fugiat eius repellendus qui id et ea deserunt odio. Consequatur sed praesentium mollitia nemo. Explicabo veritatis aut doloribus labore cum aut qui.', '2000-06-20 12:32:42', '2004-02-15 03:49:13');
INSERT INTO `posts` (`id`, `user_id`, `community_id`, `visibility`, `post_body`, `created_at`, `updated_at`) VALUES (174, 74, 74, 'hic', 'Et hic voluptatem vero laborum. Doloremque eaque mollitia minima et placeat quam. Unde rerum voluptatem fugit fugiat accusamus impedit. Impedit nam non unde molestias.', '1999-10-19 05:54:04', '2019-03-27 18:40:50');
INSERT INTO `posts` (`id`, `user_id`, `community_id`, `visibility`, `post_body`, `created_at`, `updated_at`) VALUES (175, 75, 75, 'hic', 'Ea ut nemo minima est. Rerum impedit reiciendis omnis voluptatibus natus et. Iusto sequi qui nostrum ut. Ut voluptatem odit nulla velit qui est pariatur iure.', '1993-05-03 01:38:43', '1973-03-04 05:41:32');
INSERT INTO `posts` (`id`, `user_id`, `community_id`, `visibility`, `post_body`, `created_at`, `updated_at`) VALUES (176, 76, 76, 'ad', 'Minima similique aut reiciendis. Rem rerum et nihil voluptas rerum porro. Sed magnam asperiores et vero animi. Eum fuga qui minus cum similique accusamus.', '1987-04-21 12:53:04', '2003-11-13 23:27:32');
INSERT INTO `posts` (`id`, `user_id`, `community_id`, `visibility`, `post_body`, `created_at`, `updated_at`) VALUES (177, 77, 77, 'hic', 'Aliquid dolores voluptatem doloribus non quasi inventore est. Pariatur consequatur voluptatum placeat tempora eius ipsam nulla. Similique architecto hic doloribus veniam aperiam. Earum officia expedita ipsam.', '2006-11-17 17:45:32', '2007-05-06 14:54:18');
INSERT INTO `posts` (`id`, `user_id`, `community_id`, `visibility`, `post_body`, `created_at`, `updated_at`) VALUES (178, 78, 78, 'hic', 'Error vel quibusdam et quia. Qui eligendi at at cumque a libero beatae. Nesciunt laboriosam voluptas eum quia.', '2009-08-23 20:32:26', '1989-01-14 09:00:50');
INSERT INTO `posts` (`id`, `user_id`, `community_id`, `visibility`, `post_body`, `created_at`, `updated_at`) VALUES (179, 79, 79, 'hic', 'Tempora ut vitae at qui nam explicabo. Error voluptas facere dolorum iste ut saepe. Omnis ut aut est incidunt. Esse eveniet quia enim placeat et ipsum soluta magni. Sit ut sunt dolorem est omnis unde sed.', '1998-11-30 18:53:47', '2003-03-03 05:04:17');
INSERT INTO `posts` (`id`, `user_id`, `community_id`, `visibility`, `post_body`, `created_at`, `updated_at`) VALUES (180, 80, 80, 'ad', 'Aperiam libero et cupiditate quia voluptatem ex. Eum libero voluptatem nobis recusandae quia minima. Provident est libero sapiente enim explicabo.', '2020-11-13 07:53:14', '1972-01-31 16:03:21');
INSERT INTO `posts` (`id`, `user_id`, `community_id`, `visibility`, `post_body`, `created_at`, `updated_at`) VALUES (181, 81, 81, 'ad', 'Nam odit est id. Dolores dolor dolorem quo perspiciatis porro minus in. Officiis facilis qui expedita dignissimos tenetur nobis.', '1975-02-03 08:01:36', '2001-05-22 19:16:43');
INSERT INTO `posts` (`id`, `user_id`, `community_id`, `visibility`, `post_body`, `created_at`, `updated_at`) VALUES (182, 82, 82, 'hic', 'Molestiae et nulla ducimus voluptatem a voluptatem sint. Sit quaerat et eos saepe ducimus. Sit qui est soluta sint. Ad aut animi ipsam officiis.', '2002-05-20 04:50:59', '1991-03-12 19:55:23');
INSERT INTO `posts` (`id`, `user_id`, `community_id`, `visibility`, `post_body`, `created_at`, `updated_at`) VALUES (183, 83, 83, 'ad', 'Laudantium totam numquam et nihil consequatur dolorem. Sit voluptates optio vel nisi suscipit dolores. Ea nam iste voluptatem est voluptatum asperiores mollitia.', '1988-04-27 17:49:52', '1987-12-29 17:00:10');
INSERT INTO `posts` (`id`, `user_id`, `community_id`, `visibility`, `post_body`, `created_at`, `updated_at`) VALUES (184, 84, 84, 'hic', 'Autem est porro et unde. Voluptatem sapiente non dicta sunt sint numquam similique. Nulla sunt numquam qui.', '1992-02-24 05:20:09', '1982-11-27 00:53:19');
INSERT INTO `posts` (`id`, `user_id`, `community_id`, `visibility`, `post_body`, `created_at`, `updated_at`) VALUES (185, 85, 85, 'hic', 'A aut est fuga quod aut non. Ea ea quisquam voluptas ut voluptas. Vero repellat vel eligendi.', '1979-01-31 12:11:36', '2008-02-06 19:33:41');
INSERT INTO `posts` (`id`, `user_id`, `community_id`, `visibility`, `post_body`, `created_at`, `updated_at`) VALUES (186, 86, 86, 'hic', 'Aspernatur qui cum qui temporibus vitae. Architecto tempora aut voluptas illum error non. Amet esse quia dolores perferendis est nam modi consequatur. Commodi ratione modi dicta nam ipsum ut.', '1977-11-21 11:21:07', '1971-02-27 09:52:24');
INSERT INTO `posts` (`id`, `user_id`, `community_id`, `visibility`, `post_body`, `created_at`, `updated_at`) VALUES (187, 87, 87, 'hic', 'Necessitatibus quisquam qui esse. Aliquid voluptas totam ut ut. Quibusdam et ut facere quis.', '1980-05-01 23:47:22', '1996-12-13 10:21:35');
INSERT INTO `posts` (`id`, `user_id`, `community_id`, `visibility`, `post_body`, `created_at`, `updated_at`) VALUES (188, 88, 88, 'hic', 'Consequatur ducimus rerum voluptatem hic odio voluptatem qui. In qui praesentium sint fugit. Quaerat ipsum est hic accusantium quisquam et.', '1993-11-13 05:18:09', '1994-01-23 06:26:28');
INSERT INTO `posts` (`id`, `user_id`, `community_id`, `visibility`, `post_body`, `created_at`, `updated_at`) VALUES (189, 89, 89, 'hic', 'Ex ea illum molestias vel. Maiores quis voluptatibus aut minus. Et alias incidunt fugit fugiat ipsam.', '2012-11-15 00:28:01', '1999-08-26 02:32:24');
INSERT INTO `posts` (`id`, `user_id`, `community_id`, `visibility`, `post_body`, `created_at`, `updated_at`) VALUES (190, 90, 90, 'ad', 'Et quae dolorem modi nesciunt similique illo exercitationem. Delectus ut molestiae ab voluptatem numquam neque amet. Ipsa minima voluptatem pariatur non quam. Perferendis ut dolorum aut et deleniti dolore incidunt.', '1991-09-18 09:11:44', '1980-07-07 11:41:42');
INSERT INTO `posts` (`id`, `user_id`, `community_id`, `visibility`, `post_body`, `created_at`, `updated_at`) VALUES (191, 91, 91, 'hic', 'Dolore dolores qui qui minima qui. Amet expedita fuga quasi voluptatem minus rerum laboriosam. Eum quia ea debitis aspernatur quisquam et dolorum. Modi minima ipsum quia deleniti ullam quo.', '1973-12-12 06:47:27', '2015-12-13 10:26:55');
INSERT INTO `posts` (`id`, `user_id`, `community_id`, `visibility`, `post_body`, `created_at`, `updated_at`) VALUES (192, 92, 92, 'hic', 'Dolor magnam a eum sunt dolore. Eos fugit voluptatem alias id voluptatum quis. Qui iure expedita amet sit id possimus et minima.', '2003-02-22 23:11:50', '1985-05-29 23:40:53');
INSERT INTO `posts` (`id`, `user_id`, `community_id`, `visibility`, `post_body`, `created_at`, `updated_at`) VALUES (193, 93, 93, 'ad', 'Consequatur assumenda magnam corrupti. Ab voluptatum qui saepe possimus in ut.', '1987-03-19 22:18:15', '2017-04-06 12:50:54');
INSERT INTO `posts` (`id`, `user_id`, `community_id`, `visibility`, `post_body`, `created_at`, `updated_at`) VALUES (194, 94, 94, 'ad', 'Deserunt nulla aut et provident. Repellendus et voluptatibus aut asperiores. Dolorum et provident illo qui reiciendis. Qui temporibus fugiat quos quia et et delectus.', '1999-05-10 22:07:10', '1993-07-15 08:24:35');
INSERT INTO `posts` (`id`, `user_id`, `community_id`, `visibility`, `post_body`, `created_at`, `updated_at`) VALUES (195, 95, 95, 'ad', 'Aperiam eum voluptatem est saepe rem repudiandae aut. Nobis dolorem voluptas animi eligendi dolores nam molestiae. Eos deleniti quis nobis laborum nobis. In esse numquam non quidem maiores sit et.', '2010-01-29 08:51:39', '1978-01-18 20:37:57');
INSERT INTO `posts` (`id`, `user_id`, `community_id`, `visibility`, `post_body`, `created_at`, `updated_at`) VALUES (196, 96, 96, 'hic', 'Non repudiandae eius repudiandae nihil natus. Quod inventore nostrum assumenda deserunt debitis earum. Quas consequuntur consequatur eius rerum. Aliquam aspernatur nesciunt sit non est.', '1990-08-11 09:16:12', '1999-10-13 18:17:11');
INSERT INTO `posts` (`id`, `user_id`, `community_id`, `visibility`, `post_body`, `created_at`, `updated_at`) VALUES (197, 97, 97, 'ad', 'Nulla eos reiciendis totam eum harum reiciendis. Qui consequatur fuga suscipit porro totam quos doloribus omnis. Vitae asperiores nisi et aspernatur asperiores. Molestias officia quia cum sed iure at.', '1970-09-13 23:05:18', '2020-10-12 08:43:16');
INSERT INTO `posts` (`id`, `user_id`, `community_id`, `visibility`, `post_body`, `created_at`, `updated_at`) VALUES (198, 98, 98, 'ad', 'Nesciunt a incidunt debitis voluptatem. Cupiditate et ipsum molestiae facilis ut atque rem. Veritatis hic ut qui dicta tempore ea aperiam.', '1994-06-23 06:22:35', '1976-08-19 16:46:13');
INSERT INTO `posts` (`id`, `user_id`, `community_id`, `visibility`, `post_body`, `created_at`, `updated_at`) VALUES (199, 99, 99, 'hic', 'Quibusdam optio enim quia nam sint. Praesentium velit aspernatur aspernatur et et. Non facere quia dolor asperiores.', '2017-11-02 07:23:57', '1971-04-22 19:37:19');
INSERT INTO `posts` (`id`, `user_id`, `community_id`, `visibility`, `post_body`, `created_at`, `updated_at`) VALUES (200, 100, 100, 'ad', 'Illo et et id id. Harum asperiores adipisci iusto nobis. Deserunt incidunt sint earum excepturi excepturi. Excepturi omnis quia unde est aspernatur. Quaerat esse earum in qui dolor.', '1989-07-09 23:21:32', '1981-06-11 01:47:39');


INSERT INTO `posts_media_files` (`post_id`, `media_file_id`, `created_at`, `updated_at`) VALUES (101, 1, '2019-09-11 11:23:47', '1996-10-07 05:40:52');
INSERT INTO `posts_media_files` (`post_id`, `media_file_id`, `created_at`, `updated_at`) VALUES (102, 2, '2009-03-12 00:53:46', '1986-09-20 20:04:27');
INSERT INTO `posts_media_files` (`post_id`, `media_file_id`, `created_at`, `updated_at`) VALUES (103, 3, '2016-09-26 04:45:56', '1982-07-25 16:35:16');
INSERT INTO `posts_media_files` (`post_id`, `media_file_id`, `created_at`, `updated_at`) VALUES (104, 4, '1986-06-29 10:05:36', '1973-05-03 22:32:28');
INSERT INTO `posts_media_files` (`post_id`, `media_file_id`, `created_at`, `updated_at`) VALUES (105, 5, '1996-04-18 21:20:37', '2015-01-29 22:09:34');
INSERT INTO `posts_media_files` (`post_id`, `media_file_id`, `created_at`, `updated_at`) VALUES (106, 6, '1974-03-31 17:48:53', '2010-10-11 08:15:11');
INSERT INTO `posts_media_files` (`post_id`, `media_file_id`, `created_at`, `updated_at`) VALUES (107, 7, '1986-07-12 03:45:26', '1975-07-02 12:34:22');
INSERT INTO `posts_media_files` (`post_id`, `media_file_id`, `created_at`, `updated_at`) VALUES (108, 8, '1996-10-10 23:25:40', '1971-03-03 13:51:05');
INSERT INTO `posts_media_files` (`post_id`, `media_file_id`, `created_at`, `updated_at`) VALUES (109, 9, '1997-12-25 16:11:31', '2005-06-26 16:24:30');
INSERT INTO `posts_media_files` (`post_id`, `media_file_id`, `created_at`, `updated_at`) VALUES (110, 10, '2015-02-23 03:52:25', '1975-07-17 10:30:56');
INSERT INTO `posts_media_files` (`post_id`, `media_file_id`, `created_at`, `updated_at`) VALUES (111, 11, '2018-07-24 06:05:04', '1972-11-13 03:01:31');
INSERT INTO `posts_media_files` (`post_id`, `media_file_id`, `created_at`, `updated_at`) VALUES (112, 12, '1986-01-18 15:30:26', '1993-07-24 14:09:31');
INSERT INTO `posts_media_files` (`post_id`, `media_file_id`, `created_at`, `updated_at`) VALUES (113, 13, '1972-11-25 09:55:55', '2013-12-27 15:28:18');
INSERT INTO `posts_media_files` (`post_id`, `media_file_id`, `created_at`, `updated_at`) VALUES (114, 14, '2007-03-19 14:02:14', '1985-09-28 07:53:29');
INSERT INTO `posts_media_files` (`post_id`, `media_file_id`, `created_at`, `updated_at`) VALUES (115, 15, '2003-05-19 20:51:39', '1971-01-10 05:09:58');
INSERT INTO `posts_media_files` (`post_id`, `media_file_id`, `created_at`, `updated_at`) VALUES (116, 16, '1972-04-30 09:54:03', '1981-05-27 23:48:02');
INSERT INTO `posts_media_files` (`post_id`, `media_file_id`, `created_at`, `updated_at`) VALUES (117, 17, '1997-09-25 09:14:49', '2002-05-17 11:09:08');
INSERT INTO `posts_media_files` (`post_id`, `media_file_id`, `created_at`, `updated_at`) VALUES (118, 18, '1992-02-12 08:04:29', '1982-01-22 14:38:17');
INSERT INTO `posts_media_files` (`post_id`, `media_file_id`, `created_at`, `updated_at`) VALUES (119, 19, '2010-04-21 12:38:27', '1994-01-21 06:08:38');
INSERT INTO `posts_media_files` (`post_id`, `media_file_id`, `created_at`, `updated_at`) VALUES (120, 20, '1984-05-18 04:29:37', '2007-08-14 08:59:25');
INSERT INTO `posts_media_files` (`post_id`, `media_file_id`, `created_at`, `updated_at`) VALUES (121, 21, '2013-06-30 12:02:41', '1975-06-21 08:19:24');
INSERT INTO `posts_media_files` (`post_id`, `media_file_id`, `created_at`, `updated_at`) VALUES (122, 22, '2012-11-30 11:39:16', '2020-04-21 21:16:17');
INSERT INTO `posts_media_files` (`post_id`, `media_file_id`, `created_at`, `updated_at`) VALUES (123, 23, '2011-07-24 11:43:17', '1975-03-22 11:48:15');
INSERT INTO `posts_media_files` (`post_id`, `media_file_id`, `created_at`, `updated_at`) VALUES (124, 24, '1990-07-22 14:23:25', '2009-11-20 11:45:15');
INSERT INTO `posts_media_files` (`post_id`, `media_file_id`, `created_at`, `updated_at`) VALUES (125, 25, '1983-05-19 14:57:44', '1978-03-29 10:13:42');
INSERT INTO `posts_media_files` (`post_id`, `media_file_id`, `created_at`, `updated_at`) VALUES (126, 26, '1975-06-29 09:34:45', '1980-10-16 20:09:32');
INSERT INTO `posts_media_files` (`post_id`, `media_file_id`, `created_at`, `updated_at`) VALUES (127, 27, '1974-08-11 13:49:05', '1990-12-19 19:11:48');
INSERT INTO `posts_media_files` (`post_id`, `media_file_id`, `created_at`, `updated_at`) VALUES (128, 28, '2010-05-11 03:56:00', '2008-09-01 05:22:52');
INSERT INTO `posts_media_files` (`post_id`, `media_file_id`, `created_at`, `updated_at`) VALUES (129, 29, '2013-06-28 17:34:59', '2012-10-08 23:38:13');
INSERT INTO `posts_media_files` (`post_id`, `media_file_id`, `created_at`, `updated_at`) VALUES (130, 30, '2018-02-17 00:06:34', '1971-10-12 12:04:16');
INSERT INTO `posts_media_files` (`post_id`, `media_file_id`, `created_at`, `updated_at`) VALUES (131, 31, '1989-01-24 15:00:02', '1982-12-05 22:33:09');
INSERT INTO `posts_media_files` (`post_id`, `media_file_id`, `created_at`, `updated_at`) VALUES (132, 32, '1996-01-17 23:23:26', '2018-11-17 14:06:29');
INSERT INTO `posts_media_files` (`post_id`, `media_file_id`, `created_at`, `updated_at`) VALUES (133, 33, '2004-09-04 05:52:03', '1972-03-02 11:47:37');
INSERT INTO `posts_media_files` (`post_id`, `media_file_id`, `created_at`, `updated_at`) VALUES (134, 34, '1976-06-18 15:33:09', '1986-03-19 07:44:29');
INSERT INTO `posts_media_files` (`post_id`, `media_file_id`, `created_at`, `updated_at`) VALUES (135, 35, '1999-03-13 04:27:07', '2002-01-01 09:56:30');
INSERT INTO `posts_media_files` (`post_id`, `media_file_id`, `created_at`, `updated_at`) VALUES (136, 36, '2010-03-27 08:59:34', '2013-01-25 07:02:33');
INSERT INTO `posts_media_files` (`post_id`, `media_file_id`, `created_at`, `updated_at`) VALUES (137, 37, '2019-05-15 10:17:44', '1992-11-17 16:47:22');
INSERT INTO `posts_media_files` (`post_id`, `media_file_id`, `created_at`, `updated_at`) VALUES (138, 38, '2002-04-20 10:31:44', '2002-06-11 09:41:12');
INSERT INTO `posts_media_files` (`post_id`, `media_file_id`, `created_at`, `updated_at`) VALUES (139, 39, '2007-07-28 09:06:12', '2005-08-19 20:16:44');
INSERT INTO `posts_media_files` (`post_id`, `media_file_id`, `created_at`, `updated_at`) VALUES (140, 40, '1976-07-29 17:08:26', '2011-10-02 04:16:16');
INSERT INTO `posts_media_files` (`post_id`, `media_file_id`, `created_at`, `updated_at`) VALUES (141, 41, '1981-06-06 04:28:59', '2012-09-16 05:33:51');
INSERT INTO `posts_media_files` (`post_id`, `media_file_id`, `created_at`, `updated_at`) VALUES (142, 42, '1981-07-25 03:49:16', '2019-05-28 19:53:54');
INSERT INTO `posts_media_files` (`post_id`, `media_file_id`, `created_at`, `updated_at`) VALUES (143, 43, '1976-09-27 14:40:35', '2010-04-28 16:04:43');
INSERT INTO `posts_media_files` (`post_id`, `media_file_id`, `created_at`, `updated_at`) VALUES (144, 44, '1989-11-18 19:17:04', '1993-08-24 15:12:25');
INSERT INTO `posts_media_files` (`post_id`, `media_file_id`, `created_at`, `updated_at`) VALUES (145, 45, '2019-10-16 21:49:54', '1979-03-02 22:31:51');
INSERT INTO `posts_media_files` (`post_id`, `media_file_id`, `created_at`, `updated_at`) VALUES (146, 46, '1995-08-21 10:24:24', '2019-09-08 14:13:56');
INSERT INTO `posts_media_files` (`post_id`, `media_file_id`, `created_at`, `updated_at`) VALUES (147, 47, '2020-05-27 05:11:34', '2009-06-25 04:58:17');
INSERT INTO `posts_media_files` (`post_id`, `media_file_id`, `created_at`, `updated_at`) VALUES (148, 48, '2012-05-02 14:45:06', '1983-12-28 11:32:02');
INSERT INTO `posts_media_files` (`post_id`, `media_file_id`, `created_at`, `updated_at`) VALUES (149, 49, '1998-10-12 11:35:35', '1986-08-19 08:42:28');
INSERT INTO `posts_media_files` (`post_id`, `media_file_id`, `created_at`, `updated_at`) VALUES (150, 50, '2008-11-15 04:21:26', '1981-07-23 21:33:57');
INSERT INTO `posts_media_files` (`post_id`, `media_file_id`, `created_at`, `updated_at`) VALUES (151, 51, '2018-09-02 06:29:40', '2010-11-19 21:55:03');
INSERT INTO `posts_media_files` (`post_id`, `media_file_id`, `created_at`, `updated_at`) VALUES (152, 52, '1997-12-29 10:10:26', '1977-04-27 05:50:54');
INSERT INTO `posts_media_files` (`post_id`, `media_file_id`, `created_at`, `updated_at`) VALUES (153, 53, '1983-06-20 10:35:49', '1983-03-19 06:13:07');
INSERT INTO `posts_media_files` (`post_id`, `media_file_id`, `created_at`, `updated_at`) VALUES (154, 54, '2001-04-19 21:19:10', '1977-05-28 14:58:54');
INSERT INTO `posts_media_files` (`post_id`, `media_file_id`, `created_at`, `updated_at`) VALUES (155, 55, '2005-05-23 22:35:04', '1983-11-20 09:25:44');
INSERT INTO `posts_media_files` (`post_id`, `media_file_id`, `created_at`, `updated_at`) VALUES (156, 56, '1991-07-18 17:54:10', '2010-09-11 16:58:53');
INSERT INTO `posts_media_files` (`post_id`, `media_file_id`, `created_at`, `updated_at`) VALUES (157, 57, '1996-12-17 18:48:36', '1973-02-07 00:24:32');
INSERT INTO `posts_media_files` (`post_id`, `media_file_id`, `created_at`, `updated_at`) VALUES (158, 58, '2000-11-18 13:35:28', '1976-01-10 03:07:40');
INSERT INTO `posts_media_files` (`post_id`, `media_file_id`, `created_at`, `updated_at`) VALUES (159, 59, '2017-10-24 16:57:57', '2001-09-28 01:11:34');
INSERT INTO `posts_media_files` (`post_id`, `media_file_id`, `created_at`, `updated_at`) VALUES (160, 60, '2018-10-01 00:13:54', '2000-01-01 00:17:47');
INSERT INTO `posts_media_files` (`post_id`, `media_file_id`, `created_at`, `updated_at`) VALUES (161, 61, '1992-09-10 01:48:05', '1994-05-19 09:45:07');
INSERT INTO `posts_media_files` (`post_id`, `media_file_id`, `created_at`, `updated_at`) VALUES (162, 62, '2004-12-10 00:58:38', '1975-07-24 13:04:06');
INSERT INTO `posts_media_files` (`post_id`, `media_file_id`, `created_at`, `updated_at`) VALUES (163, 63, '2011-03-06 06:42:30', '2017-12-18 12:29:55');
INSERT INTO `posts_media_files` (`post_id`, `media_file_id`, `created_at`, `updated_at`) VALUES (164, 64, '2018-07-27 09:18:10', '1979-07-18 12:17:38');
INSERT INTO `posts_media_files` (`post_id`, `media_file_id`, `created_at`, `updated_at`) VALUES (165, 65, '1987-02-28 14:11:53', '1997-05-14 04:55:52');
INSERT INTO `posts_media_files` (`post_id`, `media_file_id`, `created_at`, `updated_at`) VALUES (166, 66, '1974-11-26 19:48:48', '1981-07-23 00:56:04');
INSERT INTO `posts_media_files` (`post_id`, `media_file_id`, `created_at`, `updated_at`) VALUES (167, 67, '1976-06-11 03:13:05', '2002-01-12 12:11:48');
INSERT INTO `posts_media_files` (`post_id`, `media_file_id`, `created_at`, `updated_at`) VALUES (168, 68, '2016-11-08 17:52:04', '1987-06-04 12:16:38');
INSERT INTO `posts_media_files` (`post_id`, `media_file_id`, `created_at`, `updated_at`) VALUES (169, 69, '1996-09-14 10:18:31', '2015-05-27 00:30:25');
INSERT INTO `posts_media_files` (`post_id`, `media_file_id`, `created_at`, `updated_at`) VALUES (170, 70, '2003-08-29 12:35:50', '1998-06-19 17:43:19');
INSERT INTO `posts_media_files` (`post_id`, `media_file_id`, `created_at`, `updated_at`) VALUES (171, 71, '2014-03-01 21:40:53', '2020-11-20 01:01:12');
INSERT INTO `posts_media_files` (`post_id`, `media_file_id`, `created_at`, `updated_at`) VALUES (172, 72, '1971-06-03 04:52:38', '1991-12-12 20:15:31');
INSERT INTO `posts_media_files` (`post_id`, `media_file_id`, `created_at`, `updated_at`) VALUES (173, 73, '2016-08-14 00:02:04', '2003-03-02 14:00:45');
INSERT INTO `posts_media_files` (`post_id`, `media_file_id`, `created_at`, `updated_at`) VALUES (174, 74, '2013-10-03 22:57:06', '2000-09-22 22:45:32');
INSERT INTO `posts_media_files` (`post_id`, `media_file_id`, `created_at`, `updated_at`) VALUES (175, 75, '1997-02-24 02:05:34', '1993-09-26 11:20:36');
INSERT INTO `posts_media_files` (`post_id`, `media_file_id`, `created_at`, `updated_at`) VALUES (176, 76, '1995-02-02 00:24:18', '1999-12-25 03:57:48');
INSERT INTO `posts_media_files` (`post_id`, `media_file_id`, `created_at`, `updated_at`) VALUES (177, 77, '2006-09-29 22:20:58', '1985-04-09 22:03:28');
INSERT INTO `posts_media_files` (`post_id`, `media_file_id`, `created_at`, `updated_at`) VALUES (178, 78, '1974-09-14 11:56:47', '1986-03-09 07:42:45');
INSERT INTO `posts_media_files` (`post_id`, `media_file_id`, `created_at`, `updated_at`) VALUES (179, 79, '1978-04-11 02:28:21', '1979-12-19 06:17:13');
INSERT INTO `posts_media_files` (`post_id`, `media_file_id`, `created_at`, `updated_at`) VALUES (180, 80, '1975-07-17 06:35:50', '1983-02-21 15:35:58');
INSERT INTO `posts_media_files` (`post_id`, `media_file_id`, `created_at`, `updated_at`) VALUES (181, 81, '2019-10-30 05:19:04', '1987-03-17 05:16:35');
INSERT INTO `posts_media_files` (`post_id`, `media_file_id`, `created_at`, `updated_at`) VALUES (182, 82, '1991-11-08 00:22:29', '1994-01-25 07:22:56');
INSERT INTO `posts_media_files` (`post_id`, `media_file_id`, `created_at`, `updated_at`) VALUES (183, 83, '1992-08-29 17:13:03', '1982-08-11 07:29:51');
INSERT INTO `posts_media_files` (`post_id`, `media_file_id`, `created_at`, `updated_at`) VALUES (184, 84, '2018-09-01 09:53:12', '2004-07-22 14:03:23');
INSERT INTO `posts_media_files` (`post_id`, `media_file_id`, `created_at`, `updated_at`) VALUES (185, 85, '1972-01-23 09:54:53', '1995-04-09 07:47:19');
INSERT INTO `posts_media_files` (`post_id`, `media_file_id`, `created_at`, `updated_at`) VALUES (186, 86, '1994-11-22 15:32:55', '2016-07-11 02:53:30');
INSERT INTO `posts_media_files` (`post_id`, `media_file_id`, `created_at`, `updated_at`) VALUES (187, 87, '1989-08-12 08:31:26', '1992-09-10 03:17:39');
INSERT INTO `posts_media_files` (`post_id`, `media_file_id`, `created_at`, `updated_at`) VALUES (188, 88, '1993-03-10 17:20:38', '2004-09-22 04:49:38');
INSERT INTO `posts_media_files` (`post_id`, `media_file_id`, `created_at`, `updated_at`) VALUES (189, 89, '1970-06-07 10:31:10', '1983-08-31 10:00:30');
INSERT INTO `posts_media_files` (`post_id`, `media_file_id`, `created_at`, `updated_at`) VALUES (190, 90, '2003-12-16 03:24:19', '1982-02-27 14:05:00');
INSERT INTO `posts_media_files` (`post_id`, `media_file_id`, `created_at`, `updated_at`) VALUES (191, 91, '1984-10-14 10:25:27', '1988-03-17 07:21:20');
INSERT INTO `posts_media_files` (`post_id`, `media_file_id`, `created_at`, `updated_at`) VALUES (192, 92, '1971-04-05 04:12:10', '1980-09-20 17:26:44');
INSERT INTO `posts_media_files` (`post_id`, `media_file_id`, `created_at`, `updated_at`) VALUES (193, 93, '1995-01-15 02:56:34', '1990-12-31 10:48:06');
INSERT INTO `posts_media_files` (`post_id`, `media_file_id`, `created_at`, `updated_at`) VALUES (194, 94, '1979-06-09 17:33:04', '2016-04-13 23:32:31');
INSERT INTO `posts_media_files` (`post_id`, `media_file_id`, `created_at`, `updated_at`) VALUES (195, 95, '1981-04-08 21:15:17', '2009-12-10 08:59:55');
INSERT INTO `posts_media_files` (`post_id`, `media_file_id`, `created_at`, `updated_at`) VALUES (196, 96, '2016-08-16 07:29:39', '2017-03-23 22:26:38');
INSERT INTO `posts_media_files` (`post_id`, `media_file_id`, `created_at`, `updated_at`) VALUES (197, 97, '1972-11-18 19:13:34', '1994-03-04 22:14:33');
INSERT INTO `posts_media_files` (`post_id`, `media_file_id`, `created_at`, `updated_at`) VALUES (198, 98, '2010-01-19 08:09:14', '1985-06-27 02:05:01');
INSERT INTO `posts_media_files` (`post_id`, `media_file_id`, `created_at`, `updated_at`) VALUES (199, 99, '1988-03-19 22:54:13', '1993-12-15 10:09:45');
INSERT INTO `posts_media_files` (`post_id`, `media_file_id`, `created_at`, `updated_at`) VALUES (200, 100, '2011-03-28 12:05:28', '1994-05-12 17:57:48');


INSERT INTO `profiles` (`id`, `first_name`, `last_name`, `b_date`, `user_id`, `country`, `city`, `profile_status`, `created_at`, `updated_at`) VALUES (1, 'Jazmyn', 'Jenkins', '2011-08-23', 1, '15241', 'Douglasland', 'OFFLINE', '2017-10-30 05:59:31', '1984-08-02 06:46:06');
INSERT INTO `profiles` (`id`, `first_name`, `last_name`, `b_date`, `user_id`, `country`, `city`, `profile_status`, `created_at`, `updated_at`) VALUES (2, 'Esteban', 'Ryan', '1979-02-28', 2, '608', 'New Damarisland', 'OFFLINE', '1985-11-24 12:17:51', '2009-01-28 00:55:43');
INSERT INTO `profiles` (`id`, `first_name`, `last_name`, `b_date`, `user_id`, `country`, `city`, `profile_status`, `created_at`, `updated_at`) VALUES (3, 'Jay', 'Hyatt', '2012-06-07', 3, '6449469', 'Nienowton', 'INACTIVE', '1987-05-20 03:21:12', '2000-01-20 16:09:30');
INSERT INTO `profiles` (`id`, `first_name`, `last_name`, `b_date`, `user_id`, `country`, `city`, `profile_status`, `created_at`, `updated_at`) VALUES (4, 'Misty', 'Crooks', '1999-11-26', 4, '4', 'Lake Roselyn', 'ONLINE', '1988-08-20 20:54:30', '2012-03-08 02:22:38');
INSERT INTO `profiles` (`id`, `first_name`, `last_name`, `b_date`, `user_id`, `country`, `city`, `profile_status`, `created_at`, `updated_at`) VALUES (5, 'Favian', 'Olson', '2008-09-05', 5, '17', 'West Cara', 'INACTIVE', '2020-03-22 22:19:37', '1990-03-28 21:00:27');
INSERT INTO `profiles` (`id`, `first_name`, `last_name`, `b_date`, `user_id`, `country`, `city`, `profile_status`, `created_at`, `updated_at`) VALUES (6, 'Cruz', 'Gibson', '1992-03-29', 6, '8675475', 'Ritchiemouth', 'ONLINE', '1981-10-22 09:04:23', '1970-09-15 14:21:14');
INSERT INTO `profiles` (`id`, `first_name`, `last_name`, `b_date`, `user_id`, `country`, `city`, `profile_status`, `created_at`, `updated_at`) VALUES (7, 'Matt', 'Hayes', '1995-06-18', 7, '9215', 'New Joanyshire', 'INACTIVE', '1991-06-30 08:51:29', '2015-05-05 13:02:23');
INSERT INTO `profiles` (`id`, `first_name`, `last_name`, `b_date`, `user_id`, `country`, `city`, `profile_status`, `created_at`, `updated_at`) VALUES (8, 'Luciano', 'Orn', '2006-01-19', 8, '8907720', 'Curtstad', 'ONLINE', '2006-10-05 23:23:09', '1995-07-29 17:07:46');
INSERT INTO `profiles` (`id`, `first_name`, `last_name`, `b_date`, `user_id`, `country`, `city`, `profile_status`, `created_at`, `updated_at`) VALUES (9, 'Heath', 'Fadel', '1976-08-21', 9, '4783225', 'Kennithport', 'OFFLINE', '1989-08-06 15:52:55', '1989-09-08 07:07:50');
INSERT INTO `profiles` (`id`, `first_name`, `last_name`, `b_date`, `user_id`, `country`, `city`, `profile_status`, `created_at`, `updated_at`) VALUES (10, 'Katrina', 'Padberg', '2002-04-02', 10, '356631', 'West Cathryn', 'INACTIVE', '2018-07-25 19:47:52', '1999-09-25 21:03:02');
INSERT INTO `profiles` (`id`, `first_name`, `last_name`, `b_date`, `user_id`, `country`, `city`, `profile_status`, `created_at`, `updated_at`) VALUES (11, 'Maddison', 'Waters', '2012-04-27', 11, '34623', 'South Willieville', 'INACTIVE', '1998-09-25 08:51:58', '1970-02-03 08:49:09');
INSERT INTO `profiles` (`id`, `first_name`, `last_name`, `b_date`, `user_id`, `country`, `city`, `profile_status`, `created_at`, `updated_at`) VALUES (12, 'Fermin', 'Walsh', '1980-05-05', 12, '975', 'West Lavern', 'OFFLINE', '1996-03-24 17:17:14', '1978-10-07 18:36:44');
INSERT INTO `profiles` (`id`, `first_name`, `last_name`, `b_date`, `user_id`, `country`, `city`, `profile_status`, `created_at`, `updated_at`) VALUES (13, 'Mohammed', 'O\'Keefe', '2001-09-14', 13, '2523266', 'South Darrel', 'ONLINE', '2012-06-17 19:44:51', '2006-07-15 20:12:04');
INSERT INTO `profiles` (`id`, `first_name`, `last_name`, `b_date`, `user_id`, `country`, `city`, `profile_status`, `created_at`, `updated_at`) VALUES (14, 'Valentine', 'Kub', '2016-06-04', 14, '487', 'Wuckertshire', 'INACTIVE', '1984-11-16 03:45:54', '1992-12-11 15:20:07');
INSERT INTO `profiles` (`id`, `first_name`, `last_name`, `b_date`, `user_id`, `country`, `city`, `profile_status`, `created_at`, `updated_at`) VALUES (15, 'Oma', 'Koch', '2000-06-19', 15, '67', 'South Avery', 'OFFLINE', '1994-05-15 08:12:09', '1994-06-01 00:54:14');
INSERT INTO `profiles` (`id`, `first_name`, `last_name`, `b_date`, `user_id`, `country`, `city`, `profile_status`, `created_at`, `updated_at`) VALUES (16, 'Casimer', 'Okuneva', '2006-01-11', 16, '8', 'South Furman', 'ONLINE', '1977-02-22 20:12:23', '2001-04-24 15:00:11');
INSERT INTO `profiles` (`id`, `first_name`, `last_name`, `b_date`, `user_id`, `country`, `city`, `profile_status`, `created_at`, `updated_at`) VALUES (17, 'Linda', 'Waelchi', '1988-10-02', 17, '5378', 'Rafaelville', 'OFFLINE', '2021-03-17 15:51:53', '1980-07-06 18:27:13');
INSERT INTO `profiles` (`id`, `first_name`, `last_name`, `b_date`, `user_id`, `country`, `city`, `profile_status`, `created_at`, `updated_at`) VALUES (18, 'Niko', 'Johns', '1997-11-09', 18, '30352', 'Okeyton', 'INACTIVE', '2010-05-31 12:27:34', '1987-09-27 02:06:06');
INSERT INTO `profiles` (`id`, `first_name`, `last_name`, `b_date`, `user_id`, `country`, `city`, `profile_status`, `created_at`, `updated_at`) VALUES (19, 'Brenna', 'VonRueden', '1973-05-13', 19, '7', 'Lake Reeceburgh', 'INACTIVE', '1994-11-08 08:54:53', '2020-11-09 04:26:11');
INSERT INTO `profiles` (`id`, `first_name`, `last_name`, `b_date`, `user_id`, `country`, `city`, `profile_status`, `created_at`, `updated_at`) VALUES (20, 'Krystina', 'Klein', '2002-06-10', 20, '56031', 'North Edgardo', 'OFFLINE', '1996-04-13 09:52:50', '2005-10-14 06:32:28');
INSERT INTO `profiles` (`id`, `first_name`, `last_name`, `b_date`, `user_id`, `country`, `city`, `profile_status`, `created_at`, `updated_at`) VALUES (21, 'Vernie', 'Rutherford', '1994-05-29', 21, '3', 'North Imelda', 'ONLINE', '2020-08-10 16:32:15', '1994-10-24 20:13:36');
INSERT INTO `profiles` (`id`, `first_name`, `last_name`, `b_date`, `user_id`, `country`, `city`, `profile_status`, `created_at`, `updated_at`) VALUES (22, 'Hilbert', 'Goyette', '2021-04-20', 22, '9', 'Port Damarisside', 'INACTIVE', '2013-02-15 05:40:30', '2001-09-08 17:27:01');
INSERT INTO `profiles` (`id`, `first_name`, `last_name`, `b_date`, `user_id`, `country`, `city`, `profile_status`, `created_at`, `updated_at`) VALUES (23, 'Toby', 'Rosenbaum', '1970-12-08', 23, '', 'Port Dereckview', 'ONLINE', '1977-01-08 00:23:19', '2000-01-07 06:26:52');
INSERT INTO `profiles` (`id`, `first_name`, `last_name`, `b_date`, `user_id`, `country`, `city`, `profile_status`, `created_at`, `updated_at`) VALUES (24, 'Javon', 'Ruecker', '1974-07-21', 24, '96', 'West Germanmouth', 'OFFLINE', '2015-05-04 16:00:59', '1976-04-05 11:10:41');
INSERT INTO `profiles` (`id`, `first_name`, `last_name`, `b_date`, `user_id`, `country`, `city`, `profile_status`, `created_at`, `updated_at`) VALUES (25, 'Aniyah', 'Veum', '1979-11-02', 25, '357884', 'Kailynmouth', 'ONLINE', '1983-09-28 21:36:14', '1996-08-02 09:40:05');
INSERT INTO `profiles` (`id`, `first_name`, `last_name`, `b_date`, `user_id`, `country`, `city`, `profile_status`, `created_at`, `updated_at`) VALUES (26, 'Dexter', 'Stanton', '1987-01-23', 26, '3', 'North Cassidyfurt', 'OFFLINE', '2012-04-06 00:59:33', '1995-04-26 10:33:31');
INSERT INTO `profiles` (`id`, `first_name`, `last_name`, `b_date`, `user_id`, `country`, `city`, `profile_status`, `created_at`, `updated_at`) VALUES (27, 'Myrna', 'King', '1994-02-28', 27, '6507', 'North Providenciside', 'ONLINE', '1987-09-20 13:39:59', '1971-01-13 14:53:18');
INSERT INTO `profiles` (`id`, `first_name`, `last_name`, `b_date`, `user_id`, `country`, `city`, `profile_status`, `created_at`, `updated_at`) VALUES (28, 'Nicolas', 'Simonis', '1993-01-07', 28, '52', 'New Eulahville', 'ONLINE', '1994-04-10 08:36:00', '2003-07-23 14:04:51');
INSERT INTO `profiles` (`id`, `first_name`, `last_name`, `b_date`, `user_id`, `country`, `city`, `profile_status`, `created_at`, `updated_at`) VALUES (29, 'Kenyon', 'Anderson', '1976-09-24', 29, '1000', 'East Maximilliamouth', 'INACTIVE', '1993-02-26 10:45:59', '2005-10-13 15:33:07');
INSERT INTO `profiles` (`id`, `first_name`, `last_name`, `b_date`, `user_id`, `country`, `city`, `profile_status`, `created_at`, `updated_at`) VALUES (30, 'Damien', 'Morar', '1994-04-19', 30, '', 'Trompburgh', 'OFFLINE', '2010-06-13 13:15:49', '2015-05-26 20:52:17');
INSERT INTO `profiles` (`id`, `first_name`, `last_name`, `b_date`, `user_id`, `country`, `city`, `profile_status`, `created_at`, `updated_at`) VALUES (31, 'Finn', 'Cole', '1973-08-30', 31, '713741', 'Colliermouth', 'INACTIVE', '2015-02-09 08:25:58', '2011-02-01 15:29:51');
INSERT INTO `profiles` (`id`, `first_name`, `last_name`, `b_date`, `user_id`, `country`, `city`, `profile_status`, `created_at`, `updated_at`) VALUES (32, 'Okey', 'Carter', '2021-05-27', 32, '2724', 'North Maddisontown', 'ONLINE', '2019-11-24 17:32:09', '1978-05-17 18:51:21');
INSERT INTO `profiles` (`id`, `first_name`, `last_name`, `b_date`, `user_id`, `country`, `city`, `profile_status`, `created_at`, `updated_at`) VALUES (33, 'Teagan', 'Gislason', '1989-02-09', 33, '5539', 'Lake Alta', 'OFFLINE', '2005-03-08 09:06:54', '2007-07-22 09:31:41');
INSERT INTO `profiles` (`id`, `first_name`, `last_name`, `b_date`, `user_id`, `country`, `city`, `profile_status`, `created_at`, `updated_at`) VALUES (34, 'Elisha', 'Zieme', '1981-11-10', 34, '724', 'New Kayamouth', 'ONLINE', '2010-02-05 13:10:20', '1991-10-01 00:41:06');
INSERT INTO `profiles` (`id`, `first_name`, `last_name`, `b_date`, `user_id`, `country`, `city`, `profile_status`, `created_at`, `updated_at`) VALUES (35, 'Bell', 'Nader', '2007-08-08', 35, '765861', 'Medhurstberg', 'OFFLINE', '2015-04-15 09:06:51', '1972-02-22 14:52:37');
INSERT INTO `profiles` (`id`, `first_name`, `last_name`, `b_date`, `user_id`, `country`, `city`, `profile_status`, `created_at`, `updated_at`) VALUES (36, 'Monique', 'Mosciski', '2013-12-14', 36, '550', 'Port Joany', 'INACTIVE', '1987-01-19 06:12:59', '2012-10-27 00:11:05');
INSERT INTO `profiles` (`id`, `first_name`, `last_name`, `b_date`, `user_id`, `country`, `city`, `profile_status`, `created_at`, `updated_at`) VALUES (37, 'Camron', 'Lueilwitz', '1974-08-02', 37, '97156513', 'Port Madisen', 'OFFLINE', '1980-08-14 10:23:09', '1989-09-17 23:14:49');
INSERT INTO `profiles` (`id`, `first_name`, `last_name`, `b_date`, `user_id`, `country`, `city`, `profile_status`, `created_at`, `updated_at`) VALUES (38, 'General', 'Gulgowski', '2003-07-04', 38, '99086217', 'West Quentin', 'INACTIVE', '1989-09-01 12:21:19', '1998-02-04 22:20:45');
INSERT INTO `profiles` (`id`, `first_name`, `last_name`, `b_date`, `user_id`, `country`, `city`, `profile_status`, `created_at`, `updated_at`) VALUES (39, 'Tia', 'Skiles', '2017-02-18', 39, '9410', 'North Thad', 'INACTIVE', '2001-09-22 08:24:12', '1996-06-06 20:15:41');
INSERT INTO `profiles` (`id`, `first_name`, `last_name`, `b_date`, `user_id`, `country`, `city`, `profile_status`, `created_at`, `updated_at`) VALUES (40, 'Toy', 'Kuhn', '2010-09-22', 40, '', 'Abernathyview', 'OFFLINE', '2006-06-12 05:48:57', '1984-03-31 08:00:26');
INSERT INTO `profiles` (`id`, `first_name`, `last_name`, `b_date`, `user_id`, `country`, `city`, `profile_status`, `created_at`, `updated_at`) VALUES (41, 'Tess', 'Weimann', '1983-09-13', 41, '608738', 'West Luther', 'OFFLINE', '2009-05-15 12:53:49', '2011-01-05 22:10:43');
INSERT INTO `profiles` (`id`, `first_name`, `last_name`, `b_date`, `user_id`, `country`, `city`, `profile_status`, `created_at`, `updated_at`) VALUES (42, 'Devan', 'Barrows', '2015-05-14', 42, '55215', 'Maggiobury', 'OFFLINE', '2021-02-18 15:36:16', '1994-10-31 11:57:26');
INSERT INTO `profiles` (`id`, `first_name`, `last_name`, `b_date`, `user_id`, `country`, `city`, `profile_status`, `created_at`, `updated_at`) VALUES (43, 'Lew', 'Hilpert', '2001-02-07', 43, '47127', 'Rebachester', 'ONLINE', '2016-01-04 14:08:58', '1976-06-25 01:39:55');
INSERT INTO `profiles` (`id`, `first_name`, `last_name`, `b_date`, `user_id`, `country`, `city`, `profile_status`, `created_at`, `updated_at`) VALUES (44, 'Lemuel', 'Durgan', '2007-12-08', 44, '89930255', 'South Coy', 'OFFLINE', '1993-06-18 20:42:22', '1980-03-21 17:36:07');
INSERT INTO `profiles` (`id`, `first_name`, `last_name`, `b_date`, `user_id`, `country`, `city`, `profile_status`, `created_at`, `updated_at`) VALUES (45, 'Odie', 'Cartwright', '1987-12-11', 45, '56089', 'North Deventon', 'INACTIVE', '1986-09-05 23:04:45', '1997-03-17 08:03:07');
INSERT INTO `profiles` (`id`, `first_name`, `last_name`, `b_date`, `user_id`, `country`, `city`, `profile_status`, `created_at`, `updated_at`) VALUES (46, 'Nola', 'Harris', '1981-04-07', 46, '54531600', 'East Zita', 'ONLINE', '2013-03-25 10:40:34', '1973-07-08 02:30:50');
INSERT INTO `profiles` (`id`, `first_name`, `last_name`, `b_date`, `user_id`, `country`, `city`, `profile_status`, `created_at`, `updated_at`) VALUES (47, 'Selena', 'Pacocha', '1985-05-11', 47, '85394359', 'Hermannstad', 'OFFLINE', '1979-01-08 07:51:07', '1974-06-30 10:26:05');
INSERT INTO `profiles` (`id`, `first_name`, `last_name`, `b_date`, `user_id`, `country`, `city`, `profile_status`, `created_at`, `updated_at`) VALUES (48, 'Domenica', 'Zulauf', '1992-01-23', 48, '883', 'New Emmitthaven', 'OFFLINE', '2000-05-25 16:19:08', '2005-10-31 09:18:09');
INSERT INTO `profiles` (`id`, `first_name`, `last_name`, `b_date`, `user_id`, `country`, `city`, `profile_status`, `created_at`, `updated_at`) VALUES (49, 'Gabriella', 'Reinger', '2006-04-12', 49, '623873582', 'Alexieville', 'INACTIVE', '2013-05-17 07:34:26', '1970-12-19 21:14:06');
INSERT INTO `profiles` (`id`, `first_name`, `last_name`, `b_date`, `user_id`, `country`, `city`, `profile_status`, `created_at`, `updated_at`) VALUES (50, 'Donald', 'Nikolaus', '1990-10-05', 50, '27064', 'Lake Bulah', 'ONLINE', '1994-01-07 14:32:33', '1985-05-14 20:20:23');
INSERT INTO `profiles` (`id`, `first_name`, `last_name`, `b_date`, `user_id`, `country`, `city`, `profile_status`, `created_at`, `updated_at`) VALUES (51, 'Andres', 'Grant', '1989-01-27', 51, '52', 'South Anseltown', 'ONLINE', '1992-04-10 04:37:40', '2001-12-07 21:05:08');
INSERT INTO `profiles` (`id`, `first_name`, `last_name`, `b_date`, `user_id`, `country`, `city`, `profile_status`, `created_at`, `updated_at`) VALUES (52, 'Albina', 'Nikolaus', '1996-07-14', 52, '91780635', 'East Turnertown', 'INACTIVE', '1992-10-07 19:20:21', '2014-08-12 03:49:36');
INSERT INTO `profiles` (`id`, `first_name`, `last_name`, `b_date`, `user_id`, `country`, `city`, `profile_status`, `created_at`, `updated_at`) VALUES (53, 'Maida', 'Gaylord', '1974-12-21', 53, '47063', 'Schaeferton', 'OFFLINE', '2016-12-25 20:28:54', '1979-04-16 16:48:33');
INSERT INTO `profiles` (`id`, `first_name`, `last_name`, `b_date`, `user_id`, `country`, `city`, `profile_status`, `created_at`, `updated_at`) VALUES (54, 'Mathias', 'Pagac', '2021-05-13', 54, '1491260', 'Zemlakview', 'ONLINE', '1994-05-10 11:08:44', '1991-07-01 17:39:51');
INSERT INTO `profiles` (`id`, `first_name`, `last_name`, `b_date`, `user_id`, `country`, `city`, `profile_status`, `created_at`, `updated_at`) VALUES (55, 'Verla', 'Nolan', '1974-11-16', 55, '29712', 'South Rainamouth', 'ONLINE', '2020-02-24 23:11:16', '2012-04-08 21:20:02');
INSERT INTO `profiles` (`id`, `first_name`, `last_name`, `b_date`, `user_id`, `country`, `city`, `profile_status`, `created_at`, `updated_at`) VALUES (56, 'Pete', 'Champlin', '1977-12-23', 56, '15014584', 'Grantbury', 'OFFLINE', '1997-12-04 11:48:45', '1977-03-07 20:19:58');
INSERT INTO `profiles` (`id`, `first_name`, `last_name`, `b_date`, `user_id`, `country`, `city`, `profile_status`, `created_at`, `updated_at`) VALUES (57, 'Brent', 'Homenick', '1999-10-31', 57, '', 'Lake Juanitastad', 'ONLINE', '2014-11-18 01:39:54', '2003-02-08 13:39:34');
INSERT INTO `profiles` (`id`, `first_name`, `last_name`, `b_date`, `user_id`, `country`, `city`, `profile_status`, `created_at`, `updated_at`) VALUES (58, 'Tressie', 'Leuschke', '1971-07-22', 58, '511363876', 'New Guadalupe', 'OFFLINE', '2020-07-28 20:51:35', '1986-06-29 22:50:52');
INSERT INTO `profiles` (`id`, `first_name`, `last_name`, `b_date`, `user_id`, `country`, `city`, `profile_status`, `created_at`, `updated_at`) VALUES (59, 'Clifford', 'Pagac', '2017-10-06', 59, '87', 'Saraibury', 'OFFLINE', '1977-11-13 12:03:41', '2006-08-23 14:31:54');
INSERT INTO `profiles` (`id`, `first_name`, `last_name`, `b_date`, `user_id`, `country`, `city`, `profile_status`, `created_at`, `updated_at`) VALUES (60, 'Violet', 'Bosco', '1980-02-05', 60, '699171', 'Lake Samantha', 'INACTIVE', '1977-07-27 19:49:58', '1977-05-29 14:46:51');
INSERT INTO `profiles` (`id`, `first_name`, `last_name`, `b_date`, `user_id`, `country`, `city`, `profile_status`, `created_at`, `updated_at`) VALUES (61, 'Lacey', 'Ritchie', '1986-11-24', 61, '607357324', 'Jamarburgh', 'OFFLINE', '2002-04-11 17:05:14', '1998-10-26 11:42:10');
INSERT INTO `profiles` (`id`, `first_name`, `last_name`, `b_date`, `user_id`, `country`, `city`, `profile_status`, `created_at`, `updated_at`) VALUES (62, 'Earnestine', 'Boyle', '1978-05-21', 62, '', 'Guadalupefurt', 'OFFLINE', '1992-01-24 11:07:11', '1997-02-16 06:49:41');
INSERT INTO `profiles` (`id`, `first_name`, `last_name`, `b_date`, `user_id`, `country`, `city`, `profile_status`, `created_at`, `updated_at`) VALUES (63, 'Fay', 'Gerlach', '1996-10-29', 63, '570', 'West Vernon', 'OFFLINE', '2008-09-08 08:28:01', '1987-03-16 07:31:43');
INSERT INTO `profiles` (`id`, `first_name`, `last_name`, `b_date`, `user_id`, `country`, `city`, `profile_status`, `created_at`, `updated_at`) VALUES (64, 'Weston', 'Hickle', '2015-09-21', 64, '200137', 'Myahland', 'INACTIVE', '2000-09-29 09:51:10', '1994-04-18 21:27:19');
INSERT INTO `profiles` (`id`, `first_name`, `last_name`, `b_date`, `user_id`, `country`, `city`, `profile_status`, `created_at`, `updated_at`) VALUES (65, 'Krista', 'Dietrich', '1996-03-28', 65, '60809681', 'North Keyonburgh', 'ONLINE', '1983-06-28 16:01:34', '2005-04-14 21:50:46');
INSERT INTO `profiles` (`id`, `first_name`, `last_name`, `b_date`, `user_id`, `country`, `city`, `profile_status`, `created_at`, `updated_at`) VALUES (66, 'Halle', 'Baumbach', '2014-09-19', 66, '59557', 'Lake Hoseafort', 'OFFLINE', '1977-09-07 03:39:08', '1989-10-22 22:38:27');
INSERT INTO `profiles` (`id`, `first_name`, `last_name`, `b_date`, `user_id`, `country`, `city`, `profile_status`, `created_at`, `updated_at`) VALUES (67, 'Elissa', 'Lesch', '1971-10-24', 67, '7346', 'Orlobury', 'OFFLINE', '2002-12-23 23:01:38', '1990-11-21 16:59:50');
INSERT INTO `profiles` (`id`, `first_name`, `last_name`, `b_date`, `user_id`, `country`, `city`, `profile_status`, `created_at`, `updated_at`) VALUES (68, 'Devan', 'Lueilwitz', '2005-12-18', 68, '3180610', 'Wilhelmineland', 'OFFLINE', '2005-06-21 17:03:54', '1981-11-15 03:12:56');
INSERT INTO `profiles` (`id`, `first_name`, `last_name`, `b_date`, `user_id`, `country`, `city`, `profile_status`, `created_at`, `updated_at`) VALUES (69, 'Mathilde', 'Hills', '1986-01-31', 69, '353', 'West Kade', 'ONLINE', '2008-07-30 20:54:30', '1985-12-28 19:01:51');
INSERT INTO `profiles` (`id`, `first_name`, `last_name`, `b_date`, `user_id`, `country`, `city`, `profile_status`, `created_at`, `updated_at`) VALUES (70, 'Casey', 'Stanton', '2019-10-12', 70, '16058', 'Billytown', 'ONLINE', '2011-11-26 18:16:11', '2013-10-24 01:17:57');
INSERT INTO `profiles` (`id`, `first_name`, `last_name`, `b_date`, `user_id`, `country`, `city`, `profile_status`, `created_at`, `updated_at`) VALUES (71, 'Lloyd', 'Strosin', '2006-12-19', 71, '191', 'South Hillary', 'ONLINE', '1988-07-20 08:26:05', '1978-09-26 10:40:14');
INSERT INTO `profiles` (`id`, `first_name`, `last_name`, `b_date`, `user_id`, `country`, `city`, `profile_status`, `created_at`, `updated_at`) VALUES (72, 'Jamarcus', 'Towne', '1988-03-18', 72, '596696', 'Fayland', 'ONLINE', '2005-09-25 04:28:22', '1974-03-14 14:00:16');
INSERT INTO `profiles` (`id`, `first_name`, `last_name`, `b_date`, `user_id`, `country`, `city`, `profile_status`, `created_at`, `updated_at`) VALUES (73, 'Stefanie', 'Bosco', '2005-08-22', 73, '763573', 'Derickmouth', 'ONLINE', '1997-05-27 15:25:56', '1989-07-14 18:13:42');
INSERT INTO `profiles` (`id`, `first_name`, `last_name`, `b_date`, `user_id`, `country`, `city`, `profile_status`, `created_at`, `updated_at`) VALUES (74, 'Isadore', 'Friesen', '1977-03-08', 74, '4839908', 'West Braedenside', 'INACTIVE', '1993-11-03 06:27:12', '1983-01-25 08:00:40');
INSERT INTO `profiles` (`id`, `first_name`, `last_name`, `b_date`, `user_id`, `country`, `city`, `profile_status`, `created_at`, `updated_at`) VALUES (75, 'Mariane', 'Simonis', '2004-04-06', 75, '', 'New Hannahhaven', 'OFFLINE', '2004-07-22 20:59:44', '2014-04-08 21:27:41');
INSERT INTO `profiles` (`id`, `first_name`, `last_name`, `b_date`, `user_id`, `country`, `city`, `profile_status`, `created_at`, `updated_at`) VALUES (76, 'Aurelia', 'Hansen', '1996-09-21', 76, '6122975', 'Giafurt', 'INACTIVE', '1999-12-17 15:19:43', '2015-04-02 09:27:14');
INSERT INTO `profiles` (`id`, `first_name`, `last_name`, `b_date`, `user_id`, `country`, `city`, `profile_status`, `created_at`, `updated_at`) VALUES (77, 'Julius', 'Hartmann', '2014-02-22', 77, '922', 'South Yvonnechester', 'INACTIVE', '1999-11-13 10:18:10', '1996-11-30 11:02:32');
INSERT INTO `profiles` (`id`, `first_name`, `last_name`, `b_date`, `user_id`, `country`, `city`, `profile_status`, `created_at`, `updated_at`) VALUES (78, 'Gianni', 'Stiedemann', '2014-01-18', 78, '150457951', 'Normashire', 'ONLINE', '1997-08-07 02:29:47', '1990-01-26 23:36:28');
INSERT INTO `profiles` (`id`, `first_name`, `last_name`, `b_date`, `user_id`, `country`, `city`, `profile_status`, `created_at`, `updated_at`) VALUES (79, 'Timmothy', 'Miller', '1980-03-20', 79, '49637773', 'Janaeside', 'OFFLINE', '1989-10-28 10:05:55', '1980-08-22 15:12:07');
INSERT INTO `profiles` (`id`, `first_name`, `last_name`, `b_date`, `user_id`, `country`, `city`, `profile_status`, `created_at`, `updated_at`) VALUES (80, 'Bridget', 'Pouros', '2006-04-16', 80, '407727', 'East Tiffanymouth', 'INACTIVE', '2003-12-06 14:31:23', '1987-04-08 21:11:02');
INSERT INTO `profiles` (`id`, `first_name`, `last_name`, `b_date`, `user_id`, `country`, `city`, `profile_status`, `created_at`, `updated_at`) VALUES (81, 'Maxie', 'Robel', '1995-06-12', 81, '5', 'Hagenesview', 'ONLINE', '1986-05-23 05:27:54', '2019-12-10 18:39:12');
INSERT INTO `profiles` (`id`, `first_name`, `last_name`, `b_date`, `user_id`, `country`, `city`, `profile_status`, `created_at`, `updated_at`) VALUES (82, 'Laury', 'Bailey', '2015-12-21', 82, '4133956', 'Maggioberg', 'OFFLINE', '2011-08-12 22:53:31', '1977-02-05 03:11:37');
INSERT INTO `profiles` (`id`, `first_name`, `last_name`, `b_date`, `user_id`, `country`, `city`, `profile_status`, `created_at`, `updated_at`) VALUES (83, 'Cale', 'Bernier', '1982-07-26', 83, '456176', 'Alexandreatown', 'ONLINE', '1970-05-12 18:47:55', '2012-10-10 10:38:13');
INSERT INTO `profiles` (`id`, `first_name`, `last_name`, `b_date`, `user_id`, `country`, `city`, `profile_status`, `created_at`, `updated_at`) VALUES (84, 'Dawn', 'Keebler', '2003-01-31', 84, '13422536', 'North Lempi', 'INACTIVE', '1979-11-21 01:28:14', '1975-06-27 00:47:59');
INSERT INTO `profiles` (`id`, `first_name`, `last_name`, `b_date`, `user_id`, `country`, `city`, `profile_status`, `created_at`, `updated_at`) VALUES (85, 'Alberta', 'Connelly', '1981-09-13', 85, '', 'VonRuedenmouth', 'INACTIVE', '1983-07-29 10:37:53', '2020-12-11 17:42:53');
INSERT INTO `profiles` (`id`, `first_name`, `last_name`, `b_date`, `user_id`, `country`, `city`, `profile_status`, `created_at`, `updated_at`) VALUES (86, 'Filiberto', 'Blick', '1972-06-15', 86, '28315', 'Eichmannview', 'INACTIVE', '1994-11-04 19:53:00', '1982-04-07 00:16:17');
INSERT INTO `profiles` (`id`, `first_name`, `last_name`, `b_date`, `user_id`, `country`, `city`, `profile_status`, `created_at`, `updated_at`) VALUES (87, 'Hailee', 'McCullough', '1976-02-12', 87, '5', 'Reingerside', 'ONLINE', '2011-12-29 10:33:18', '1995-01-18 22:35:13');
INSERT INTO `profiles` (`id`, `first_name`, `last_name`, `b_date`, `user_id`, `country`, `city`, `profile_status`, `created_at`, `updated_at`) VALUES (88, 'Chad', 'Kulas', '1979-09-24', 88, '7666742', 'West Davin', 'ONLINE', '1980-05-24 16:22:44', '1998-07-26 14:23:09');
INSERT INTO `profiles` (`id`, `first_name`, `last_name`, `b_date`, `user_id`, `country`, `city`, `profile_status`, `created_at`, `updated_at`) VALUES (89, 'Angel', 'Botsford', '1982-12-11', 89, '', 'Katelynburgh', 'INACTIVE', '1983-11-19 23:33:08', '2009-07-16 19:50:43');
INSERT INTO `profiles` (`id`, `first_name`, `last_name`, `b_date`, `user_id`, `country`, `city`, `profile_status`, `created_at`, `updated_at`) VALUES (90, 'Marge', 'Rosenbaum', '1992-06-25', 90, '83943857', 'McClureburgh', 'OFFLINE', '1979-04-07 05:06:50', '1999-12-03 21:15:31');
INSERT INTO `profiles` (`id`, `first_name`, `last_name`, `b_date`, `user_id`, `country`, `city`, `profile_status`, `created_at`, `updated_at`) VALUES (91, 'Zakary', 'Kunze', '2008-11-08', 91, '80366770', 'West Deanna', 'INACTIVE', '1973-03-18 05:45:22', '1985-04-03 06:42:33');
INSERT INTO `profiles` (`id`, `first_name`, `last_name`, `b_date`, `user_id`, `country`, `city`, `profile_status`, `created_at`, `updated_at`) VALUES (92, 'Kailey', 'Durgan', '1994-11-22', 92, '783', 'Howefort', 'ONLINE', '2020-09-28 21:48:21', '1996-05-15 20:49:58');
INSERT INTO `profiles` (`id`, `first_name`, `last_name`, `b_date`, `user_id`, `country`, `city`, `profile_status`, `created_at`, `updated_at`) VALUES (93, 'Delta', 'Beier', '2017-01-10', 93, '25', 'North Wilmer', 'OFFLINE', '1983-05-17 23:54:36', '1976-09-04 03:52:35');
INSERT INTO `profiles` (`id`, `first_name`, `last_name`, `b_date`, `user_id`, `country`, `city`, `profile_status`, `created_at`, `updated_at`) VALUES (94, 'Maryse', 'Marquardt', '1983-12-27', 94, '2', 'Jedidiahtown', 'INACTIVE', '2010-05-19 01:17:56', '1995-07-01 09:48:49');
INSERT INTO `profiles` (`id`, `first_name`, `last_name`, `b_date`, `user_id`, `country`, `city`, `profile_status`, `created_at`, `updated_at`) VALUES (95, 'Ally', 'Breitenberg', '2020-07-31', 95, '586', 'Pacochashire', 'INACTIVE', '1994-05-29 12:34:14', '2018-07-22 08:26:27');
INSERT INTO `profiles` (`id`, `first_name`, `last_name`, `b_date`, `user_id`, `country`, `city`, `profile_status`, `created_at`, `updated_at`) VALUES (96, 'Cade', 'Williamson', '1995-01-27', 96, '95', 'Port Rosa', 'INACTIVE', '1972-06-29 19:39:16', '2015-03-05 14:49:48');
INSERT INTO `profiles` (`id`, `first_name`, `last_name`, `b_date`, `user_id`, `country`, `city`, `profile_status`, `created_at`, `updated_at`) VALUES (97, 'Santina', 'Berge', '1988-10-27', 97, '29', 'Hermannland', 'OFFLINE', '2000-08-08 22:16:53', '2011-12-16 11:33:04');
INSERT INTO `profiles` (`id`, `first_name`, `last_name`, `b_date`, `user_id`, `country`, `city`, `profile_status`, `created_at`, `updated_at`) VALUES (98, 'Bianka', 'Schiller', '2003-04-27', 98, '', 'West Jamey', 'INACTIVE', '2009-07-30 06:21:46', '1983-03-08 07:59:04');
INSERT INTO `profiles` (`id`, `first_name`, `last_name`, `b_date`, `user_id`, `country`, `city`, `profile_status`, `created_at`, `updated_at`) VALUES (99, 'Evans', 'Nikolaus', '2020-05-21', 99, '888477', 'North Leonie', 'ONLINE', '2004-03-17 09:24:08', '1986-07-18 05:05:19');
INSERT INTO `profiles` (`id`, `first_name`, `last_name`, `b_date`, `user_id`, `country`, `city`, `profile_status`, `created_at`, `updated_at`) VALUES (100, 'Carroll', 'Hyatt', '2003-08-13', 100, '8018', 'Port Josefa', 'INACTIVE', '2012-11-23 06:12:56', '2009-05-22 20:32:14');


INSERT INTO `users` (`id`, `email`, `phone`, `created_at`, `updated_at`) VALUES (1, 'fannie.jakubowski@example.com', '(375)900-19', '1981-10-17 00:43:08', '2020-01-08 03:19:14');
INSERT INTO `users` (`id`, `email`, `phone`, `created_at`, `updated_at`) VALUES (2, 'chanelle.altenwerth@example.net', '1-113-684-6', '2015-06-05 19:21:03', '1992-12-12 22:19:25');
INSERT INTO `users` (`id`, `email`, `phone`, `created_at`, `updated_at`) VALUES (3, 'alycia.harvey@example.org', '+72(0)85309', '2003-02-24 16:04:37', '2001-10-21 01:06:31');
INSERT INTO `users` (`id`, `email`, `phone`, `created_at`, `updated_at`) VALUES (4, 'dante.renner@example.org', '(616)836-40', '1980-08-25 09:03:41', '1987-05-08 09:34:50');
INSERT INTO `users` (`id`, `email`, `phone`, `created_at`, `updated_at`) VALUES (5, 'leffler.joanny@example.net', '796-056-349', '1991-11-05 05:22:54', '1973-02-27 16:18:19');
INSERT INTO `users` (`id`, `email`, `phone`, `created_at`, `updated_at`) VALUES (6, 'cleo02@example.net', '(724)508-06', '1979-07-16 09:47:37', '1977-01-18 11:30:44');
INSERT INTO `users` (`id`, `email`, `phone`, `created_at`, `updated_at`) VALUES (7, 'edythe.hegmann@example.com', '+18(7)29389', '1998-11-30 00:41:49', '1977-02-04 16:27:16');
INSERT INTO `users` (`id`, `email`, `phone`, `created_at`, `updated_at`) VALUES (8, 'damian.stokes@example.org', '(565)872-54', '1980-06-05 11:50:48', '2013-10-03 23:34:56');
INSERT INTO `users` (`id`, `email`, `phone`, `created_at`, `updated_at`) VALUES (9, 'kali.prohaska@example.com', '418.459.751', '2006-04-15 07:31:49', '2019-12-27 05:26:56');
INSERT INTO `users` (`id`, `email`, `phone`, `created_at`, `updated_at`) VALUES (10, 'tamia.lesch@example.org', '(279)476-35', '1973-07-22 07:03:33', '2018-12-08 13:16:47');
INSERT INTO `users` (`id`, `email`, `phone`, `created_at`, `updated_at`) VALUES (11, 'ekshlerin@example.org', '1-828-055-2', '1984-07-16 09:03:45', '2021-02-10 13:20:55');
INSERT INTO `users` (`id`, `email`, `phone`, `created_at`, `updated_at`) VALUES (12, 'buster.kuhlman@example.org', '(680)861-35', '1998-06-23 04:31:21', '1974-06-15 12:02:15');
INSERT INTO `users` (`id`, `email`, `phone`, `created_at`, `updated_at`) VALUES (13, 'danika.crist@example.com', '489.870.518', '1984-04-11 14:35:33', '1986-12-24 20:47:12');
INSERT INTO `users` (`id`, `email`, `phone`, `created_at`, `updated_at`) VALUES (14, 'ilene.vandervort@example.com', '1-012-219-7', '1987-08-26 01:17:56', '1988-04-06 02:33:48');
INSERT INTO `users` (`id`, `email`, `phone`, `created_at`, `updated_at`) VALUES (15, 'tre87@example.org', '+26(4)65844', '1977-01-01 12:19:58', '1985-05-24 07:33:25');
INSERT INTO `users` (`id`, `email`, `phone`, `created_at`, `updated_at`) VALUES (16, 'addison.hodkiewicz@example.com', '06009833723', '1991-07-28 18:47:00', '1995-10-09 11:04:41');
INSERT INTO `users` (`id`, `email`, `phone`, `created_at`, `updated_at`) VALUES (17, 'witting.ramona@example.net', '(307)002-08', '2011-10-19 05:41:40', '1986-09-21 09:23:08');
INSERT INTO `users` (`id`, `email`, `phone`, `created_at`, `updated_at`) VALUES (18, 'schulist.andy@example.org', '812-726-300', '1986-11-18 19:04:45', '2000-10-11 23:49:30');
INSERT INTO `users` (`id`, `email`, `phone`, `created_at`, `updated_at`) VALUES (19, 'baltenwerth@example.net', '1-930-202-0', '1990-10-16 10:04:08', '2019-03-28 13:30:56');
INSERT INTO `users` (`id`, `email`, `phone`, `created_at`, `updated_at`) VALUES (20, 'rodger84@example.net', '132-256-413', '1970-03-13 05:38:10', '2004-04-26 20:56:34');
INSERT INTO `users` (`id`, `email`, `phone`, `created_at`, `updated_at`) VALUES (21, 'ludwig75@example.net', '(897)350-81', '2015-08-12 03:00:58', '1997-10-18 20:10:44');
INSERT INTO `users` (`id`, `email`, `phone`, `created_at`, `updated_at`) VALUES (22, 'antonia.rolfson@example.net', '137-446-380', '1988-10-12 13:01:06', '1993-01-31 06:45:27');
INSERT INTO `users` (`id`, `email`, `phone`, `created_at`, `updated_at`) VALUES (23, 'sabina.schmitt@example.net', '897.876.363', '2004-12-12 09:20:39', '1983-02-23 03:17:45');
INSERT INTO `users` (`id`, `email`, `phone`, `created_at`, `updated_at`) VALUES (24, 'haley.aglae@example.org', '01021760300', '2018-01-09 23:53:42', '1974-06-07 07:35:08');
INSERT INTO `users` (`id`, `email`, `phone`, `created_at`, `updated_at`) VALUES (25, 'shaag@example.com', '644-592-285', '1976-04-25 21:07:06', '2019-05-08 02:08:08');
INSERT INTO `users` (`id`, `email`, `phone`, `created_at`, `updated_at`) VALUES (26, 'katrine.bogisich@example.com', '09851966799', '1970-03-28 08:40:10', '2018-12-09 22:27:06');
INSERT INTO `users` (`id`, `email`, `phone`, `created_at`, `updated_at`) VALUES (27, 'agustina87@example.net', '482.666.164', '1988-02-13 07:25:28', '2013-06-28 14:21:51');
INSERT INTO `users` (`id`, `email`, `phone`, `created_at`, `updated_at`) VALUES (28, 'kunze.davonte@example.com', '(030)505-13', '1971-06-03 08:52:18', '1981-01-29 15:36:59');
INSERT INTO `users` (`id`, `email`, `phone`, `created_at`, `updated_at`) VALUES (29, 'kreiger.michale@example.org', '220-932-771', '2014-10-22 12:47:43', '2006-12-22 15:08:54');
INSERT INTO `users` (`id`, `email`, `phone`, `created_at`, `updated_at`) VALUES (30, 'howell.brain@example.net', '544-984-299', '1999-06-04 20:08:36', '2007-10-15 22:47:35');
INSERT INTO `users` (`id`, `email`, `phone`, `created_at`, `updated_at`) VALUES (31, 'ytremblay@example.com', '05832920311', '1993-11-29 18:30:57', '1976-10-31 16:43:01');
INSERT INTO `users` (`id`, `email`, `phone`, `created_at`, `updated_at`) VALUES (32, 'marvin.augustus@example.net', '05430092640', '2009-09-30 10:52:54', '1978-03-13 12:00:55');
INSERT INTO `users` (`id`, `email`, `phone`, `created_at`, `updated_at`) VALUES (33, 'tommie.shields@example.org', '(698)592-07', '2004-01-29 00:46:41', '2017-06-09 04:19:12');
INSERT INTO `users` (`id`, `email`, `phone`, `created_at`, `updated_at`) VALUES (34, 'mayra.kutch@example.com', '646.604.025', '1993-03-08 05:26:01', '2009-02-15 02:51:17');
INSERT INTO `users` (`id`, `email`, `phone`, `created_at`, `updated_at`) VALUES (35, 'gustave85@example.org', '1-438-118-4', '1998-02-15 00:32:51', '1976-11-08 22:12:11');
INSERT INTO `users` (`id`, `email`, `phone`, `created_at`, `updated_at`) VALUES (36, 'abdul43@example.net', '1-950-196-7', '1978-12-17 10:03:43', '1989-05-16 19:39:06');
INSERT INTO `users` (`id`, `email`, `phone`, `created_at`, `updated_at`) VALUES (37, 'art.collins@example.net', '(688)592-66', '2016-03-23 02:28:28', '1994-04-30 03:25:15');
INSERT INTO `users` (`id`, `email`, `phone`, `created_at`, `updated_at`) VALUES (38, 'pkassulke@example.net', '(094)333-05', '1977-03-01 00:41:34', '1986-08-31 16:50:04');
INSERT INTO `users` (`id`, `email`, `phone`, `created_at`, `updated_at`) VALUES (39, 'harrison02@example.org', '073.574.180', '2021-06-13 18:12:55', '2002-04-20 05:49:51');
INSERT INTO `users` (`id`, `email`, `phone`, `created_at`, `updated_at`) VALUES (40, 'jones.brannon@example.org', '839.152.804', '1984-07-18 04:33:19', '1982-10-07 15:40:59');
INSERT INTO `users` (`id`, `email`, `phone`, `created_at`, `updated_at`) VALUES (41, 'sbartell@example.net', '01188312986', '2021-04-06 05:29:09', '1993-03-10 08:05:50');
INSERT INTO `users` (`id`, `email`, `phone`, `created_at`, `updated_at`) VALUES (42, 'eturcotte@example.net', '(539)918-87', '2012-11-11 03:30:19', '1974-12-26 12:17:09');
INSERT INTO `users` (`id`, `email`, `phone`, `created_at`, `updated_at`) VALUES (43, 'erodriguez@example.com', '(828)598-09', '1985-10-03 06:32:07', '1993-12-16 15:42:28');
INSERT INTO `users` (`id`, `email`, `phone`, `created_at`, `updated_at`) VALUES (44, 'kasandra68@example.org', '(006)052-67', '1992-11-25 12:30:41', '1989-12-09 10:05:12');
INSERT INTO `users` (`id`, `email`, `phone`, `created_at`, `updated_at`) VALUES (45, 'lkoelpin@example.net', '(821)180-76', '1977-09-30 06:22:34', '1979-08-23 17:58:25');
INSERT INTO `users` (`id`, `email`, `phone`, `created_at`, `updated_at`) VALUES (46, 'reinhold.howe@example.org', '609-376-640', '1993-08-20 16:07:32', '2016-06-19 01:46:11');
INSERT INTO `users` (`id`, `email`, `phone`, `created_at`, `updated_at`) VALUES (47, 'gulgowski.birdie@example.org', '1-698-093-0', '2007-05-07 23:54:25', '2000-02-27 19:42:29');
INSERT INTO `users` (`id`, `email`, `phone`, `created_at`, `updated_at`) VALUES (48, 'kulas.lafayette@example.net', '+94(6)19817', '1983-05-13 05:29:49', '1996-08-22 10:39:58');
INSERT INTO `users` (`id`, `email`, `phone`, `created_at`, `updated_at`) VALUES (49, 'eleanora.rodriguez@example.org', '017.674.305', '2008-08-08 22:29:51', '1986-09-27 15:21:47');
INSERT INTO `users` (`id`, `email`, `phone`, `created_at`, `updated_at`) VALUES (50, 'xgottlieb@example.org', '1-468-772-7', '1984-04-13 22:52:41', '1981-04-01 14:08:13');
INSERT INTO `users` (`id`, `email`, `phone`, `created_at`, `updated_at`) VALUES (51, 'conrad84@example.net', '047.305.301', '2018-03-15 01:34:22', '1982-09-22 05:58:44');
INSERT INTO `users` (`id`, `email`, `phone`, `created_at`, `updated_at`) VALUES (52, 'elbert.moen@example.net', '1-852-068-0', '2013-07-14 12:41:09', '1999-05-16 20:30:17');
INSERT INTO `users` (`id`, `email`, `phone`, `created_at`, `updated_at`) VALUES (53, 'lyda.feeney@example.net', '902-751-502', '2005-03-10 02:57:27', '1994-11-22 07:39:19');
INSERT INTO `users` (`id`, `email`, `phone`, `created_at`, `updated_at`) VALUES (54, 'jarod.kiehn@example.net', '353-177-628', '1990-06-21 05:01:41', '2004-11-19 20:17:38');
INSERT INTO `users` (`id`, `email`, `phone`, `created_at`, `updated_at`) VALUES (55, 'beer.jacey@example.com', '1-677-221-6', '1978-07-27 01:10:27', '1997-11-11 21:54:33');
INSERT INTO `users` (`id`, `email`, `phone`, `created_at`, `updated_at`) VALUES (56, 'aracely.nienow@example.net', '1-146-395-6', '2017-02-20 00:23:38', '1975-03-17 12:41:13');
INSERT INTO `users` (`id`, `email`, `phone`, `created_at`, `updated_at`) VALUES (57, 'ekozey@example.com', '525.549.031', '1974-03-09 22:10:49', '1998-12-26 15:41:05');
INSERT INTO `users` (`id`, `email`, `phone`, `created_at`, `updated_at`) VALUES (58, 'trent25@example.org', '08711296739', '2019-02-04 10:42:05', '2015-08-09 23:44:19');
INSERT INTO `users` (`id`, `email`, `phone`, `created_at`, `updated_at`) VALUES (59, 'darrel.turcotte@example.com', '1-936-258-4', '1974-06-24 09:31:14', '1974-08-29 12:07:53');
INSERT INTO `users` (`id`, `email`, `phone`, `created_at`, `updated_at`) VALUES (60, 'gorczany.jedidiah@example.org', '+21(5)12301', '1996-08-20 08:58:10', '1974-05-29 12:38:37');
INSERT INTO `users` (`id`, `email`, `phone`, `created_at`, `updated_at`) VALUES (61, 'ian.zboncak@example.org', '+59(8)64687', '2001-01-24 08:00:29', '2009-06-11 10:52:10');
INSERT INTO `users` (`id`, `email`, `phone`, `created_at`, `updated_at`) VALUES (62, 'kuhlman.amie@example.com', '993.750.596', '1980-02-08 04:07:27', '1994-04-14 10:15:30');
INSERT INTO `users` (`id`, `email`, `phone`, `created_at`, `updated_at`) VALUES (63, 'luther60@example.org', '(632)721-70', '2014-03-29 06:07:55', '2004-07-15 10:53:27');
INSERT INTO `users` (`id`, `email`, `phone`, `created_at`, `updated_at`) VALUES (64, 'mclaughlin.marcel@example.net', '584.415.547', '1975-02-25 07:09:07', '1986-04-29 16:32:24');
INSERT INTO `users` (`id`, `email`, `phone`, `created_at`, `updated_at`) VALUES (65, 'thad.dooley@example.com', '1-806-089-1', '1982-06-06 09:55:39', '2018-01-29 00:57:15');
INSERT INTO `users` (`id`, `email`, `phone`, `created_at`, `updated_at`) VALUES (66, 'valentine.sanford@example.net', '1-726-922-0', '1982-06-11 10:02:51', '1992-04-22 18:20:17');
INSERT INTO `users` (`id`, `email`, `phone`, `created_at`, `updated_at`) VALUES (67, 'wunsch.mariela@example.com', '(180)796-19', '1970-02-16 12:53:09', '2006-03-30 23:48:59');
INSERT INTO `users` (`id`, `email`, `phone`, `created_at`, `updated_at`) VALUES (68, 'elmira.spencer@example.net', '+88(9)46613', '1997-05-30 18:50:07', '2013-11-27 00:27:34');
INSERT INTO `users` (`id`, `email`, `phone`, `created_at`, `updated_at`) VALUES (69, 'ischneider@example.com', '1-398-145-4', '2002-01-12 07:46:30', '1999-07-18 21:37:38');
INSERT INTO `users` (`id`, `email`, `phone`, `created_at`, `updated_at`) VALUES (70, 'gutkowski.ryder@example.net', '788.060.877', '2003-07-06 04:47:35', '2015-11-03 01:08:22');
INSERT INTO `users` (`id`, `email`, `phone`, `created_at`, `updated_at`) VALUES (71, 'jones.kristin@example.org', '1-365-774-4', '2007-02-20 18:19:04', '1997-12-10 06:17:52');
INSERT INTO `users` (`id`, `email`, `phone`, `created_at`, `updated_at`) VALUES (72, 'zdeckow@example.net', '07248094786', '1992-07-04 05:42:25', '2003-11-23 07:39:44');
INSERT INTO `users` (`id`, `email`, `phone`, `created_at`, `updated_at`) VALUES (73, 'destiny64@example.com', '1-574-875-9', '2007-10-03 16:30:08', '1987-05-09 06:24:54');
INSERT INTO `users` (`id`, `email`, `phone`, `created_at`, `updated_at`) VALUES (74, 'kara11@example.com', '03015070070', '1982-02-14 03:45:52', '2018-02-05 13:25:22');
INSERT INTO `users` (`id`, `email`, `phone`, `created_at`, `updated_at`) VALUES (75, 'jbrekke@example.org', '682-912-674', '2013-11-23 18:36:14', '2008-01-09 15:55:08');
INSERT INTO `users` (`id`, `email`, `phone`, `created_at`, `updated_at`) VALUES (76, 'walter.alysson@example.com', '486.869.183', '2019-07-28 17:05:17', '1999-07-13 23:36:09');
INSERT INTO `users` (`id`, `email`, `phone`, `created_at`, `updated_at`) VALUES (77, 'nhayes@example.net', '(770)804-59', '1977-09-14 18:49:03', '2013-12-21 07:52:35');
INSERT INTO `users` (`id`, `email`, `phone`, `created_at`, `updated_at`) VALUES (78, 'maybelle24@example.net', '1-053-893-5', '1997-04-05 14:26:54', '1979-10-29 22:07:08');
INSERT INTO `users` (`id`, `email`, `phone`, `created_at`, `updated_at`) VALUES (79, 'west.wade@example.org', '(523)192-22', '2013-09-17 07:07:20', '1981-03-23 08:08:31');
INSERT INTO `users` (`id`, `email`, `phone`, `created_at`, `updated_at`) VALUES (80, 'omer17@example.net', '1-948-042-3', '1977-11-21 22:31:39', '2006-04-28 08:31:04');
INSERT INTO `users` (`id`, `email`, `phone`, `created_at`, `updated_at`) VALUES (81, 'feest.junior@example.org', '(266)095-54', '1995-09-13 22:50:51', '1990-06-26 07:05:23');
INSERT INTO `users` (`id`, `email`, `phone`, `created_at`, `updated_at`) VALUES (82, 'mkuhic@example.net', '100-992-088', '2017-02-19 09:00:31', '1982-01-08 12:50:36');
INSERT INTO `users` (`id`, `email`, `phone`, `created_at`, `updated_at`) VALUES (83, 'xkreiger@example.com', '(185)233-52', '1979-09-16 10:51:46', '1980-07-14 03:57:38');
INSERT INTO `users` (`id`, `email`, `phone`, `created_at`, `updated_at`) VALUES (84, 'fmosciski@example.org', '+60(5)15700', '2001-01-08 13:58:16', '1973-01-05 09:26:30');
INSERT INTO `users` (`id`, `email`, `phone`, `created_at`, `updated_at`) VALUES (85, 'vstamm@example.org', '1-212-053-5', '1992-12-15 19:48:46', '1993-12-31 15:58:21');
INSERT INTO `users` (`id`, `email`, `phone`, `created_at`, `updated_at`) VALUES (86, 'wlind@example.net', '955-288-111', '1979-08-22 01:41:23', '2019-06-21 15:55:31');
INSERT INTO `users` (`id`, `email`, `phone`, `created_at`, `updated_at`) VALUES (87, 'marques12@example.com', '498-226-442', '1978-04-01 12:25:16', '2012-05-27 20:49:55');
INSERT INTO `users` (`id`, `email`, `phone`, `created_at`, `updated_at`) VALUES (88, 'erna58@example.com', '+70(1)78788', '2010-10-24 18:04:27', '1972-12-10 16:56:54');
INSERT INTO `users` (`id`, `email`, `phone`, `created_at`, `updated_at`) VALUES (89, 'ddickens@example.net', '08386619511', '2011-08-04 20:07:10', '1999-07-23 16:10:55');
INSERT INTO `users` (`id`, `email`, `phone`, `created_at`, `updated_at`) VALUES (90, 'catalina20@example.com', '220-316-418', '1997-09-03 18:22:03', '1999-02-05 00:47:17');
INSERT INTO `users` (`id`, `email`, `phone`, `created_at`, `updated_at`) VALUES (91, 'marilyne.mitchell@example.net', '+98(8)41588', '2018-04-14 05:19:19', '2001-04-04 19:15:32');
INSERT INTO `users` (`id`, `email`, `phone`, `created_at`, `updated_at`) VALUES (92, 'kaci.walsh@example.org', '440-664-560', '1981-10-23 17:20:53', '1975-11-02 07:02:59');
INSERT INTO `users` (`id`, `email`, `phone`, `created_at`, `updated_at`) VALUES (93, 'dare.clemmie@example.org', '04281159936', '2006-01-29 05:48:29', '2016-08-31 21:34:39');
INSERT INTO `users` (`id`, `email`, `phone`, `created_at`, `updated_at`) VALUES (94, 'regan.wintheiser@example.net', '586.895.200', '1981-01-06 01:27:17', '2015-05-25 13:10:33');
INSERT INTO `users` (`id`, `email`, `phone`, `created_at`, `updated_at`) VALUES (95, 'emie50@example.org', '(203)286-23', '1977-11-29 12:46:26', '1998-06-28 22:19:04');
INSERT INTO `users` (`id`, `email`, `phone`, `created_at`, `updated_at`) VALUES (96, 'jfisher@example.net', '1-526-199-2', '1993-12-03 10:31:45', '1982-10-17 09:08:41');
INSERT INTO `users` (`id`, `email`, `phone`, `created_at`, `updated_at`) VALUES (97, 'brendon.herzog@example.com', '1-299-553-9', '1972-08-10 19:53:27', '2011-10-06 02:36:03');
INSERT INTO `users` (`id`, `email`, `phone`, `created_at`, `updated_at`) VALUES (98, 'rachael33@example.net', '684-644-400', '2019-02-27 20:54:58', '1972-07-20 00:22:01');
INSERT INTO `users` (`id`, `email`, `phone`, `created_at`, `updated_at`) VALUES (99, 'aniyah65@example.net', '(971)902-72', '2011-10-11 02:14:59', '1970-06-28 23:36:16');
INSERT INTO `users` (`id`, `email`, `phone`, `created_at`, `updated_at`) VALUES (100, 'qritchie@example.com', '(870)127-77', '1980-11-04 22:51:20', '1974-08-25 02:49:33');


INSERT INTO `visibility` (`value`) VALUES ('ad');
INSERT INTO `visibility` (`value`) VALUES ('hic');


